Country Name,Country Code,year,cap_for
Algeria,DZA,1960,42.184577399999995
Algeria,DZA,1961,47.189529
Algeria,DZA,1962,35.42061341
Algeria,DZA,1963,28.94066239
Algeria,DZA,1964,21.846608399999997
Algeria,DZA,1965,22.60394356
Algeria,DZA,1966,17.32413168
Algeria,DZA,1967,23.43441677
Algeria,DZA,1968,27.86792192
Algeria,DZA,1969,32.35273648
Algeria,DZA,1970,36.64906885
Algeria,DZA,1971,35.28134099
Algeria,DZA,1972,34.30249107
Algeria,DZA,1973,40.28419584
Algeria,DZA,1974,40.01653621
Algeria,DZA,1975,45.4068269
Algeria,DZA,1976,43.35027578
Algeria,DZA,1977,46.91473742
Algeria,DZA,1978,52.21935258
Algeria,DZA,1979,42.54592649
Algeria,DZA,1980,39.07692344
Algeria,DZA,1981,36.9905948
Algeria,DZA,1982,37.28323756
Algeria,DZA,1983,37.569532099999996
Algeria,DZA,1984,35.16442287
Algeria,DZA,1985,34.56916946
Algeria,DZA,1986,33.55592415
Algeria,DZA,1987,27.55637978
Algeria,DZA,1988,27.63948339
Algeria,DZA,1989,30.07323412
Algeria,DZA,1990,28.58941955
Algeria,DZA,1991,31.84132806
Algeria,DZA,1992,30.75748786
Algeria,DZA,1993,29.09090776
Algeria,DZA,1994,30.08014286
Algeria,DZA,1995,30.90855625
Algeria,DZA,1996,25.67841235
Algeria,DZA,1997,22.44697411
Algeria,DZA,1998,27.14848325
Algeria,DZA,1999,26.24766929
Algeria,DZA,2000,23.56391053
Algeria,DZA,2001,26.8410588
Algeria,DZA,2002,30.65336904
Algeria,DZA,2003,30.34066255
Algeria,DZA,2004,33.26354242
Algeria,DZA,2005,31.65641187
Algeria,DZA,2006,30.17046066
Algeria,DZA,2007,34.46948119
Algeria,DZA,2008,37.34843691
Algeria,DZA,2009,46.87646013
Algeria,DZA,2010,41.43029296
Algeria,DZA,2011,38.05506418
Algeria,DZA,2012,39.15827823
Algeria,DZA,2013,43.39059927
Algeria,DZA,2014,45.55443334
Algeria,DZA,2015,50.78058728
Algeria,DZA,2016,50.80653136
Algeria,DZA,2017,48.39811629999999
Algeria,DZA,2018,
Algeria,DZA,2019,
Argentina,ARG,1960,23.47923426
Argentina,ARG,1961,27.76644706
Argentina,ARG,1962,21.73093502
Argentina,ARG,1963,18.27287883
Argentina,ARG,1964,21.47391262
Argentina,ARG,1965,22.42767575
Argentina,ARG,1966,20.54254663
Argentina,ARG,1967,21.21503579
Argentina,ARG,1968,21.69049729
Argentina,ARG,1969,23.9906052
Argentina,ARG,1970,24.44009525
Argentina,ARG,1971,24.11303242
Argentina,ARG,1972,23.89154462
Argentina,ARG,1973,20.89381153
Argentina,ARG,1974,22.26033179
Argentina,ARG,1975,29.44104696
Argentina,ARG,1976,30.72943959
Argentina,ARG,1977,30.941688800000005
Argentina,ARG,1978,27.80015957
Argentina,ARG,1979,25.85676946
Argentina,ARG,1980,25.25778629
Argentina,ARG,1981,22.69108872
Argentina,ARG,1982,21.75494795
Argentina,ARG,1983,20.88775231
Argentina,ARG,1984,19.96409245
Argentina,ARG,1985,17.58906692
Argentina,ARG,1986,17.46176421
Argentina,ARG,1987,19.554866
Argentina,ARG,1988,18.6400389
Argentina,ARG,1989,15.51469828
Argentina,ARG,1990,13.99698158
Argentina,ARG,1991,14.636977400000001
Argentina,ARG,1992,16.70240577
Argentina,ARG,1993,19.68811042
Argentina,ARG,1994,19.96562325
Argentina,ARG,1995,18.50041051
Argentina,ARG,1996,19.62387245
Argentina,ARG,1997,20.82605155
Argentina,ARG,1998,20.97076915
Argentina,ARG,1999,17.86292788
Argentina,ARG,2000,17.53348744
Argentina,ARG,2001,15.62596533
Argentina,ARG,2002,10.85390524
Argentina,ARG,2003,14.146962099999998
Argentina,ARG,2004,17.55127036
Argentina,ARG,2005,18.88826414
Argentina,ARG,2006,18.68048724
Argentina,ARG,2007,20.099113199999998
Argentina,ARG,2008,19.57277588
Argentina,ARG,2009,16.05311236
Argentina,ARG,2010,17.70553381
Argentina,ARG,2011,18.39845892
Argentina,ARG,2012,16.50198653
Argentina,ARG,2013,17.3057789
Argentina,ARG,2014,17.26288101
Argentina,ARG,2015,17.07070488
Argentina,ARG,2016,17.66322786
Argentina,ARG,2017,18.75723171
Argentina,ARG,2018,20.7740638
Argentina,ARG,2019,
Australia,AUS,1960,31.61924283
Australia,AUS,1961,33.18707619
Australia,AUS,1962,28.46526292
Australia,AUS,1963,30.86856905
Australia,AUS,1964,30.73660399
Australia,AUS,1965,33.58376511
Australia,AUS,1966,32.65976672
Australia,AUS,1967,32.96735686
Australia,AUS,1968,33.03390818
Australia,AUS,1969,33.68189323
Australia,AUS,1970,33.02217036
Australia,AUS,1971,32.14267996
Australia,AUS,1972,30.46938225
Australia,AUS,1973,28.42928359
Australia,AUS,1974,30.61454739
Australia,AUS,1975,26.84270437
Australia,AUS,1976,26.46274359
Australia,AUS,1977,27.00106168
Australia,AUS,1978,25.85112467
Australia,AUS,1979,27.889228999999997
Australia,AUS,1980,27.1246206
Australia,AUS,1981,28.71771951
Australia,AUS,1982,29.875580100000004
Australia,AUS,1983,25.33609647
Australia,AUS,1984,26.66910366
Australia,AUS,1985,28.06492661
Australia,AUS,1986,28.54689097
Australia,AUS,1987,27.41664508
Australia,AUS,1988,28.02755239
Australia,AUS,1989,29.67055392
Australia,AUS,1990,29.00295158
Australia,AUS,1991,24.26985594
Australia,AUS,1992,22.39053294
Australia,AUS,1993,23.64705007
Australia,AUS,1994,24.31632217
Australia,AUS,1995,26.047027
Australia,AUS,1996,24.85126014
Australia,AUS,1997,24.91666532
Australia,AUS,1998,25.69099995
Australia,AUS,1999,26.21436093
Australia,AUS,2000,26.3080439
Australia,AUS,2001,23.47978771
Australia,AUS,2002,24.49310775
Australia,AUS,2003,26.01628046
Australia,AUS,2004,27.17193995
Australia,AUS,2005,27.55886731
Australia,AUS,2006,27.60444788
Australia,AUS,2007,27.57140898
Australia,AUS,2008,28.66459472
Australia,AUS,2009,27.39605363
Australia,AUS,2010,26.85114098
Australia,AUS,2011,26.50721223
Australia,AUS,2012,27.74255764
Australia,AUS,2013,27.89579166
Australia,AUS,2014,26.74563505
Australia,AUS,2015,26.25973287
Australia,AUS,2016,25.41891325
Australia,AUS,2017,24.05033233
Australia,AUS,2018,24.32992815
Australia,AUS,2019,
Belgium,BEL,1960,
Belgium,BEL,1961,
Belgium,BEL,1962,
Belgium,BEL,1963,
Belgium,BEL,1964,
Belgium,BEL,1965,
Belgium,BEL,1966,
Belgium,BEL,1967,
Belgium,BEL,1968,
Belgium,BEL,1969,
Belgium,BEL,1970,29.70278961
Belgium,BEL,1971,28.601483299999998
Belgium,BEL,1972,26.60082338
Belgium,BEL,1973,27.63646928
Belgium,BEL,1974,30.34010682
Belgium,BEL,1975,26.67363708
Belgium,BEL,1976,27.01751489
Belgium,BEL,1977,26.67568023
Belgium,BEL,1978,26.46241378
Belgium,BEL,1979,25.99792504
Belgium,BEL,1980,26.59639188
Belgium,BEL,1981,22.60809173
Belgium,BEL,1982,21.63236799
Belgium,BEL,1983,18.78825053
Belgium,BEL,1984,19.84907736
Belgium,BEL,1985,19.00676262
Belgium,BEL,1986,18.594452800000003
Belgium,BEL,1987,19.66521056
Belgium,BEL,1988,21.89495805
Belgium,BEL,1989,23.56243705
Belgium,BEL,1990,24.38422049
Belgium,BEL,1991,22.87578178
Belgium,BEL,1992,22.62764576
Belgium,BEL,1993,21.96598318
Belgium,BEL,1994,22.04698771
Belgium,BEL,1995,21.82464636
Belgium,BEL,1996,21.67063995
Belgium,BEL,1997,22.29530019
Belgium,BEL,1998,22.41647391
Belgium,BEL,1999,22.71269234
Belgium,BEL,2000,23.78182339
Belgium,BEL,2001,22.592107100000003
Belgium,BEL,2002,20.66459903
Belgium,BEL,2003,20.86068148
Belgium,BEL,2004,22.49480099
Belgium,BEL,2005,23.60925617
Belgium,BEL,2006,23.88416042
Belgium,BEL,2007,24.44744533
Belgium,BEL,2008,25.7304643
Belgium,BEL,2009,21.66441932
Belgium,BEL,2010,22.69205328
Belgium,BEL,2011,23.99010515
Belgium,BEL,2012,23.20453595
Belgium,BEL,2013,22.17343232
Belgium,BEL,2014,23.35829293
Belgium,BEL,2015,23.70144978
Belgium,BEL,2016,24.08119835
Belgium,BEL,2017,24.64940474
Belgium,BEL,2018,25.40829117
Belgium,BEL,2019,
Brazil,BRA,1960,19.678041399999998
Brazil,BRA,1961,21.35613949
Brazil,BRA,1962,19.60466029
Brazil,BRA,1963,19.25988423
Brazil,BRA,1964,18.60239795
Brazil,BRA,1965,20.02392464
Brazil,BRA,1966,19.89289111
Brazil,BRA,1967,16.91871444
Brazil,BRA,1968,18.91756155
Brazil,BRA,1969,22.35219861
Brazil,BRA,1970,20.54203211
Brazil,BRA,1971,21.11791444
Brazil,BRA,1972,21.17081374
Brazil,BRA,1973,23.24408983
Brazil,BRA,1974,25.38869013
Brazil,BRA,1975,26.83887315
Brazil,BRA,1976,23.11621066
Brazil,BRA,1977,22.0691466
Brazil,BRA,1978,22.97322186
Brazil,BRA,1979,22.7644531
Brazil,BRA,1980,23.34647495
Brazil,BRA,1981,23.08412049
Brazil,BRA,1982,21.09376443
Brazil,BRA,1983,16.68204411
Brazil,BRA,1984,15.74056011
Brazil,BRA,1985,19.20075347
Brazil,BRA,1986,19.09310889
Brazil,BRA,1987,22.30466061
Brazil,BRA,1988,22.71852835
Brazil,BRA,1989,26.90278706
Brazil,BRA,1990,20.16660691
Brazil,BRA,1991,19.76910062
Brazil,BRA,1992,18.93460235
Brazil,BRA,1993,20.84635875
Brazil,BRA,1994,22.99348937
Brazil,BRA,1995,17.29234635
Brazil,BRA,1996,17.26694638
Brazil,BRA,1997,17.76398561
Brazil,BRA,1998,18.16475192
Brazil,BRA,1999,17.38955974
Brazil,BRA,2000,18.90311927
Brazil,BRA,2001,18.7418603
Brazil,BRA,2002,17.44907948
Brazil,BRA,2003,16.8566884
Brazil,BRA,2004,17.91256834
Brazil,BRA,2005,17.20488348
Brazil,BRA,2006,17.8164739
Brazil,BRA,2007,19.81932597
Brazil,BRA,2008,21.61938284
Brazil,BRA,2009,18.79613505
Brazil,BRA,2010,21.80132157
Brazil,BRA,2011,21.82627111
Brazil,BRA,2012,21.41722537
Brazil,BRA,2013,21.69377101
Brazil,BRA,2014,20.5484072
Brazil,BRA,2015,17.41162586
Brazil,BRA,2016,14.97461787
Brazil,BRA,2017,15.03563292
Brazil,BRA,2018,15.42272406
Brazil,BRA,2019,
Canada,CAN,1960,
Canada,CAN,1961,22.34494881
Canada,CAN,1962,22.90466213
Canada,CAN,1963,22.73538599
Canada,CAN,1964,23.69282557
Canada,CAN,1965,26.0870294
Canada,CAN,1966,26.76695106
Canada,CAN,1967,24.10863277
Canada,CAN,1968,23.19617152
Canada,CAN,1969,23.89907303
Canada,CAN,1970,22.19884167
Canada,CAN,1971,23.17426322
Canada,CAN,1972,23.20425332
Canada,CAN,1973,24.40933651
Canada,CAN,1974,25.93834535
Canada,CAN,1975,24.91913213
Canada,CAN,1976,25.20135326
Canada,CAN,1977,24.36974664
Canada,CAN,1978,23.57389485
Canada,CAN,1979,25.22629309
Canada,CAN,1980,23.84272629
Canada,CAN,1981,25.38127756
Canada,CAN,1982,19.99648373
Canada,CAN,1983,20.29969668
Canada,CAN,1984,21.03975509
Canada,CAN,1985,21.61802941
Canada,CAN,1986,21.77042616
Canada,CAN,1987,22.27123789
Canada,CAN,1988,23.59989814
Canada,CAN,1989,23.70012526
Canada,CAN,1990,21.38118924
Canada,CAN,1991,19.41100002
Canada,CAN,1992,18.43945482
Canada,CAN,1993,18.53525613
Canada,CAN,1994,19.57702718
Canada,CAN,1995,19.44224963
Canada,CAN,1996,18.98980541
Canada,CAN,1997,21.28830623
Canada,CAN,1998,21.11811116
Canada,CAN,1999,20.75547211
Canada,CAN,2000,20.683283399999997
Canada,CAN,2001,19.74090425
Canada,CAN,2002,19.80962662
Canada,CAN,2003,20.53911128
Canada,CAN,2004,21.45586732
Canada,CAN,2005,22.70463251
Canada,CAN,2006,23.66494729
Canada,CAN,2007,23.97059609
Canada,CAN,2008,24.1324611
Canada,CAN,2009,22.01510178
Canada,CAN,2010,23.53731445
Canada,CAN,2011,24.20795945
Canada,CAN,2012,24.92752939
Canada,CAN,2013,24.96959208
Canada,CAN,2014,24.92764474
Canada,CAN,2015,23.90369352
Canada,CAN,2016,22.92842658
Canada,CAN,2017,23.58977286
Canada,CAN,2018,23.03357141
Canada,CAN,2019,
Chile,CHL,1960,14.07684123
Chile,CHL,1961,15.51360149
Chile,CHL,1962,12.73327147
Chile,CHL,1963,15.30431628
Chile,CHL,1964,14.63274762
Chile,CHL,1965,15.45969017
Chile,CHL,1966,16.83721903
Chile,CHL,1967,16.64350149
Chile,CHL,1968,16.95191378
Chile,CHL,1969,15.70381417
Chile,CHL,1970,17.1282883
Chile,CHL,1971,15.23188816
Chile,CHL,1972,12.80811085
Chile,CHL,1973,8.553731908
Chile,CHL,1974,22.1529249
Chile,CHL,1975,13.99438271
Chile,CHL,1976,13.57252812
Chile,CHL,1977,15.30133021
Chile,CHL,1978,18.91539964
Chile,CHL,1979,18.741821100000003
Chile,CHL,1980,22.10260864
Chile,CHL,1981,23.43476367
Chile,CHL,1982,11.71796049
Chile,CHL,1983,12.15699214
Chile,CHL,1984,19.3081832
Chile,CHL,1985,17.04520532
Chile,CHL,1986,18.86842175
Chile,CHL,1987,22.3546766
Chile,CHL,1988,23.1475919
Chile,CHL,1989,25.80074685
Chile,CHL,1990,25.94896473
Chile,CHL,1991,23.57983019
Chile,CHL,1992,25.18242361
Chile,CHL,1993,28.14629716
Chile,CHL,1994,25.73130213
Chile,CHL,1995,27.67004583
Chile,CHL,1996,27.84967073
Chile,CHL,1997,27.77917306
Chile,CHL,1998,26.94382504
Chile,CHL,1999,20.86982846
Chile,CHL,2000,22.11674947
Chile,CHL,2001,22.36678545
Chile,CHL,2002,22.33307575
Chile,CHL,2003,21.04101861
Chile,CHL,2004,19.77894959
Chile,CHL,2005,21.84016717
Chile,CHL,2006,20.81581803
Chile,CHL,2007,20.84546483
Chile,CHL,2008,26.81762984
Chile,CHL,2009,21.05836895
Chile,CHL,2010,23.13998612
Chile,CHL,2011,24.64276539
Chile,CHL,2012,26.44943795
Chile,CHL,2013,25.62556817
Chile,CHL,2014,23.24126217
Chile,CHL,2015,23.78573234
Chile,CHL,2016,22.22082926
Chile,CHL,2017,21.59174633
Chile,CHL,2018,22.70878894
Chile,CHL,2019,
China,CHN,1960,39.11298551
China,CHN,1961,22.28353485
China,CHN,1962,15.32438479
China,CHN,1963,21.25290395
China,CHN,1964,23.83155317
China,CHN,1965,26.64936563
China,CHN,1966,30.16889924
China,CHN,1967,23.726451899999997
China,CHN,1968,24.78068918
China,CHN,1969,24.7630211
China,CHN,1970,32.67535202
China,CHN,1971,33.33469006
China,CHN,1972,30.99435825
China,CHN,1973,32.78064001
China,CHN,1974,33.10464335
China,CHN,1975,34.94982727
China,CHN,1976,33.12922439
China,CHN,1977,33.78769231
China,CHN,1978,38.40076895
China,CHN,1979,37.06700556
China,CHN,1980,35.38097721
China,CHN,1981,33.6891434
China,CHN,1982,32.74716205
China,CHN,1983,32.69123434
China,CHN,1984,35.17484573
China,CHN,1985,39.89070237
China,CHN,1986,38.56794779999999
China,CHN,1987,38.15093025
China,CHN,1988,39.92178870000001
China,CHN,1989,37.9042174
China,CHN,1990,34.73376429
China,CHN,1991,35.8658256
China,CHN,1992,39.83722181
China,CHN,1993,44.24292895
China,CHN,1994,40.94850525
China,CHN,1995,39.68463866
China,CHN,1996,38.37235534
China,CHN,1997,36.33715573
China,CHN,1998,35.67868627
China,CHN,1999,34.96477981
China,CHN,2000,34.42965254
China,CHN,2001,36.42225471
China,CHN,2002,37.07754181
China,CHN,2003,40.63154952
China,CHN,2004,42.89449013
China,CHN,2005,41.3912114
China,CHN,2006,40.93327269
China,CHN,2007,41.48463891
China,CHN,2008,43.30309514
China,CHN,2009,46.51641536
China,CHN,2010,47.71750935
China,CHN,2011,47.81881465
China,CHN,2012,47.39129209
China,CHN,2013,47.57005946
China,CHN,2014,47.20515414
China,CHN,2015,45.60334613
China,CHN,2016,44.47439578
China,CHN,2017,44.34396506
China,CHN,2018,
China,CHN,2019,
Colombia,COL,1960,20.25478807
Colombia,COL,1961,20.49257191
Colombia,COL,1962,18.12659185
Colombia,COL,1963,17.65442074
Colombia,COL,1964,17.5140548
Colombia,COL,1965,14.72523476
Colombia,COL,1966,19.05847036
Colombia,COL,1967,16.99801193
Colombia,COL,1968,19.09023501
Colombia,COL,1969,17.87734498
Colombia,COL,1970,20.23228489
Colombia,COL,1971,19.41547028
Colombia,COL,1972,18.12682608
Colombia,COL,1973,18.26986346
Colombia,COL,1974,21.45577944
Colombia,COL,1975,16.9925057
Colombia,COL,1976,17.56270314
Colombia,COL,1977,18.75203379
Colombia,COL,1978,18.28426355
Colombia,COL,1979,18.15098539
Colombia,COL,1980,19.06853774
Colombia,COL,1981,20.62399478
Colombia,COL,1982,20.487142499999997
Colombia,COL,1983,19.8932137
Colombia,COL,1984,18.96497004
Colombia,COL,1985,19.040903699999998
Colombia,COL,1986,18.00116265
Colombia,COL,1987,19.99748878
Colombia,COL,1988,21.98974065
Colombia,COL,1989,19.97575416
Colombia,COL,1990,20.60673055
Colombia,COL,1991,19.10546385
Colombia,COL,1992,20.55450146
Colombia,COL,1993,24.94213311
Colombia,COL,1994,25.53844675
Colombia,COL,1995,25.79874333
Colombia,COL,1996,22.15093866
Colombia,COL,1997,20.92375062
Colombia,COL,1998,19.72807918
Colombia,COL,1999,12.88013417
Colombia,COL,2000,14.89562703
Colombia,COL,2001,16.03225135
Colombia,COL,2002,17.25154184
Colombia,COL,2003,18.68181902
Colombia,COL,2004,19.44099661
Colombia,COL,2005,20.44300883
Colombia,COL,2006,22.20983068
Colombia,COL,2007,22.62207237
Colombia,COL,2008,22.55404914
Colombia,COL,2009,21.48814316
Colombia,COL,2010,21.11264932
Colombia,COL,2011,22.22798332
Colombia,COL,2012,22.22056447
Colombia,COL,2013,22.48760492
Colombia,COL,2014,24.00331366
Colombia,COL,2015,23.77369229
Colombia,COL,2016,23.16741956
Colombia,COL,2017,21.61924551
Colombia,COL,2018,21.23493552
Colombia,COL,2019,
Czech Republic,CZE,1960,
Czech Republic,CZE,1961,
Czech Republic,CZE,1962,
Czech Republic,CZE,1963,
Czech Republic,CZE,1964,
Czech Republic,CZE,1965,
Czech Republic,CZE,1966,
Czech Republic,CZE,1967,
Czech Republic,CZE,1968,
Czech Republic,CZE,1969,
Czech Republic,CZE,1970,
Czech Republic,CZE,1971,
Czech Republic,CZE,1972,
Czech Republic,CZE,1973,
Czech Republic,CZE,1974,
Czech Republic,CZE,1975,
Czech Republic,CZE,1976,
Czech Republic,CZE,1977,
Czech Republic,CZE,1978,
Czech Republic,CZE,1979,
Czech Republic,CZE,1980,
Czech Republic,CZE,1981,
Czech Republic,CZE,1982,
Czech Republic,CZE,1983,
Czech Republic,CZE,1984,
Czech Republic,CZE,1985,
Czech Republic,CZE,1986,
Czech Republic,CZE,1987,
Czech Republic,CZE,1988,
Czech Republic,CZE,1989,
Czech Republic,CZE,1990,24.23870611
Czech Republic,CZE,1991,22.19090523
Czech Republic,CZE,1992,25.29611782
Czech Republic,CZE,1993,26.36788076
Czech Republic,CZE,1994,29.67272491
Czech Republic,CZE,1995,33.73229613
Czech Republic,CZE,1996,35.59555903
Czech Republic,CZE,1997,32.31607296
Czech Republic,CZE,1998,30.33154754
Czech Republic,CZE,1999,29.16232797
Czech Republic,CZE,2000,31.40788428
Czech Republic,CZE,2001,31.54924115
Czech Republic,CZE,2002,30.12562443
Czech Republic,CZE,2003,29.03907725
Czech Republic,CZE,2004,29.34894483
Czech Republic,CZE,2005,29.12468901
Czech Republic,CZE,2006,30.04402758
Czech Republic,CZE,2007,32.07227801
Czech Republic,CZE,2008,31.06182052
Czech Republic,CZE,2009,26.51316949
Czech Republic,CZE,2010,27.12269436
Czech Republic,CZE,2011,26.95753708
Czech Republic,CZE,2012,26.18564146
Czech Republic,CZE,2013,24.6670431
Czech Republic,CZE,2014,25.88038033
Czech Republic,CZE,2015,27.95578033
Czech Republic,CZE,2016,25.97979442
Czech Republic,CZE,2017,25.87295263
Czech Republic,CZE,2018,26.16779057
Czech Republic,CZE,2019,
Egypt,,1960,
Egypt,,1961,
Egypt,,1962,
Egypt,,1963,
Egypt,,1964,
Egypt,,1965,
Egypt,,1966,
Egypt,,1967,
Egypt,,1968,
Egypt,,1969,
Egypt,,1970,
Egypt,,1971,
Egypt,,1972,
Egypt,,1973,
Egypt,,1974,
Egypt,,1975,
Egypt,,1976,
Egypt,,1977,
Egypt,,1978,
Egypt,,1979,
Egypt,,1980,
Egypt,,1981,
Egypt,,1982,
Egypt,,1983,
Egypt,,1984,
Egypt,,1985,
Egypt,,1986,
Egypt,,1987,
Egypt,,1988,
Egypt,,1989,
Egypt,,1990,
Egypt,,1991,
Egypt,,1992,
Egypt,,1993,
Egypt,,1994,
Egypt,,1995,
Egypt,,1996,
Egypt,,1997,
Egypt,,1998,
Egypt,,1999,
Egypt,,2000,
Egypt,,2001,
Egypt,,2002,
Egypt,,2003,
Egypt,,2004,
Egypt,,2005,
Egypt,,2006,
Egypt,,2007,
Egypt,,2008,
Egypt,,2009,
Egypt,,2010,
Egypt,,2011,
Egypt,,2012,
Egypt,,2013,
Egypt,,2014,
Egypt,,2015,
Egypt,,2016,
Egypt,,2017,
Egypt,,2018,
Egypt,,2019,
France,FRA,1960,
France,FRA,1961,
France,FRA,1962,
France,FRA,1963,
France,FRA,1964,
France,FRA,1965,
France,FRA,1966,
France,FRA,1967,
France,FRA,1968,
France,FRA,1969,
France,FRA,1970,28.1921749
France,FRA,1971,27.39029331
France,FRA,1972,27.65277627
France,FRA,1973,28.22529875
France,FRA,1974,29.11681402
France,FRA,1975,24.89401211
France,FRA,1976,26.45921676
France,FRA,1977,25.58416203
France,FRA,1978,24.31335427
France,FRA,1979,24.85748726
France,FRA,1980,25.74805764
France,FRA,1981,23.51853486
France,FRA,1982,23.79788699
France,FRA,1983,21.75040583
France,FRA,1984,21.22922648
France,FRA,1985,21.16857972
France,FRA,1986,21.75691999
France,FRA,1987,22.26294214
France,FRA,1988,23.34268251
France,FRA,1989,24.26836863
France,FRA,1990,24.40966033
France,FRA,1991,23.60216359
France,FRA,1992,21.96001178
France,FRA,1993,19.543410100000003
France,FRA,1994,20.31737475
France,FRA,1995,20.51313622
France,FRA,1996,19.62226875
France,FRA,1997,19.45200139
France,FRA,1998,20.68051093
France,FRA,1999,21.36389819
France,FRA,2000,22.48805446
France,FRA,2001,22.16486803
France,FRA,2002,21.31558247
France,FRA,2003,21.18612886
France,FRA,2004,21.88960334
France,FRA,2005,22.45262344
France,FRA,2006,23.23771164
France,FRA,2007,24.1648123
France,FRA,2008,24.12988486
France,FRA,2009,21.33315982
France,FRA,2010,21.9462945
France,FRA,2011,23.22090937
France,FRA,2012,22.62663227
France,FRA,2013,22.28719307
France,FRA,2014,22.70983107
France,FRA,2015,22.71232406
France,FRA,2016,22.60939274
France,FRA,2017,23.36572024
France,FRA,2018,23.45537145
France,FRA,2019,
Germany,DEU,1960,
Germany,DEU,1961,
Germany,DEU,1962,
Germany,DEU,1963,
Germany,DEU,1964,
Germany,DEU,1965,
Germany,DEU,1966,
Germany,DEU,1967,
Germany,DEU,1968,
Germany,DEU,1969,
Germany,DEU,1970,32.47028697
Germany,DEU,1971,31.5819851
Germany,DEU,1972,30.37202599
Germany,DEU,1973,29.06865274
Germany,DEU,1974,26.26568484
Germany,DEU,1975,24.24775647
Germany,DEU,1976,25.3785435
Germany,DEU,1977,25.01612718
Germany,DEU,1978,25.31530715
Germany,DEU,1979,27.232626
Germany,DEU,1980,27.01093744
Germany,DEU,1981,24.43010562
Germany,DEU,1982,22.98540511
Germany,DEU,1983,23.76795256
Germany,DEU,1984,23.53233732
Germany,DEU,1985,22.94994605
Germany,DEU,1986,22.96998208
Germany,DEU,1987,22.382227800000003
Germany,DEU,1988,23.10867828
Germany,DEU,1989,24.075620899999997
Germany,DEU,1990,24.65069994
Germany,DEU,1991,25.58798582
Germany,DEU,1992,24.95835594
Germany,DEU,1993,23.61167825
Germany,DEU,1994,23.83272596
Germany,DEU,1995,23.74110002
Germany,DEU,1996,22.73511151
Germany,DEU,1997,22.7828925
Germany,DEU,1998,23.33980765
Germany,DEU,1999,23.47380962
Germany,DEU,2000,23.92325937
Germany,DEU,2001,22.31396656
Germany,DEU,2002,19.91920481
Germany,DEU,2003,19.68739865
Germany,DEU,2004,19.12081282
Germany,DEU,2005,18.81453022
Germany,DEU,2006,19.77261047
Germany,DEU,2007,20.74931463
Germany,DEU,2008,20.86004044
Germany,DEU,2009,18.06745574
Germany,DEU,2010,19.62539631
Germany,DEU,2011,21.07753263
Germany,DEU,2012,19.30677311
Germany,DEU,2013,19.51221411
Germany,DEU,2014,19.63547143
Germany,DEU,2015,19.23466476
Germany,DEU,2016,19.66038452
Germany,DEU,2017,20.09242251
Germany,DEU,2018,21.25478441
Germany,DEU,2019,
India,IND,1960,15.25979765
India,IND,1961,14.3791711
India,IND,1962,15.9816383
India,IND,1963,15.27795332
India,IND,1964,15.46534127
India,IND,1965,17.36052906
India,IND,1966,17.83780744
India,IND,1967,15.27715221
India,IND,1968,13.98230958
India,IND,1969,15.64623557
India,IND,1970,16.1960498
India,IND,1971,17.12130679
India,IND,1972,15.69305796
India,IND,1973,18.53493631
India,IND,1974,18.71550976
India,IND,1975,18.43717714
India,IND,1976,18.62746704
India,IND,1977,19.07537812
India,IND,1978,22.60909386
India,IND,1979,21.81522295
India,IND,1980,20.49911237
India,IND,1981,20.25829713
India,IND,1982,20.40595688
India,IND,1983,19.49789362
India,IND,1984,20.45312458
India,IND,1985,22.0322108
India,IND,1986,21.47348137
India,IND,1987,23.38948296
India,IND,1988,24.42780507
India,IND,1989,25.35623048
India,IND,1990,27.83922668
India,IND,1991,23.31370271
India,IND,1992,24.63678853
India,IND,1993,23.72951678
India,IND,1994,26.44525706
India,IND,1995,27.02862897
India,IND,1996,25.32678333
India,IND,1997,27.34704044
India,IND,1998,25.88600129
India,IND,1999,28.48244926
India,IND,2000,25.94689919
India,IND,2001,25.92668439
India,IND,2002,26.46812616
India,IND,2003,28.69395732
India,IND,2004,35.09646829
India,IND,2005,37.42825481
India,IND,2006,38.99851197
India,IND,2007,41.95080208
India,IND,2008,38.42242651
India,IND,2009,39.25680529
India,IND,2010,39.78561975
India,IND,2011,39.59042144
India,IND,2012,38.34741567
India,IND,2013,34.02320208
India,IND,2014,34.26780562
India,IND,2015,32.11673014
India,IND,2016,30.21201677
India,IND,2017,30.94125424
India,IND,2018,30.98271626
India,IND,2019,
Indonesia,IDN,1960,7.867760122999999
Indonesia,IDN,1961,95.32014465
Indonesia,IDN,1962,5.6025765860000005
Indonesia,IDN,1963,8.196210421
Indonesia,IDN,1964,12.08382982
Indonesia,IDN,1965,6.692113032000001
Indonesia,IDN,1966,4.526748971
Indonesia,IDN,1967,8.008964378
Indonesia,IDN,1968,8.804311537
Indonesia,IDN,1969,11.66298749
Indonesia,IDN,1970,13.62275449
Indonesia,IDN,1971,15.79520697
Indonesia,IDN,1972,18.77738826
Indonesia,IDN,1973,17.887286399999997
Indonesia,IDN,1974,16.78184535
Indonesia,IDN,1975,20.34170457
Indonesia,IDN,1976,20.72129155
Indonesia,IDN,1977,20.12761234
Indonesia,IDN,1978,20.53415985
Indonesia,IDN,1979,20.93432088
Indonesia,IDN,1980,20.87150159
Indonesia,IDN,1981,21.38449294
Indonesia,IDN,1982,22.58345268
Indonesia,IDN,1983,29.40177156
Indonesia,IDN,1984,24.88467494
Indonesia,IDN,1985,25.34694597
Indonesia,IDN,1986,27.64651732
Indonesia,IDN,1987,27.24671899
Indonesia,IDN,1988,29.09802202
Indonesia,IDN,1989,30.6830326
Indonesia,IDN,1990,32.70769009
Indonesia,IDN,1991,31.86942548
Indonesia,IDN,1992,30.17582734
Indonesia,IDN,1993,28.28067311
Indonesia,IDN,1994,29.57068775
Indonesia,IDN,1995,30.42981109
Indonesia,IDN,1996,31.60236064
Indonesia,IDN,1997,30.30767579
Indonesia,IDN,1998,27.42950667
Indonesia,IDN,1999,22.13875931
Indonesia,IDN,2000,22.24569693
Indonesia,IDN,2001,22.53926632
Indonesia,IDN,2002,21.40407021
Indonesia,IDN,2003,25.59849839
Indonesia,IDN,2004,24.05636637
Indonesia,IDN,2005,25.08140994
Indonesia,IDN,2006,25.40021729
Indonesia,IDN,2007,24.92028385
Indonesia,IDN,2008,27.81624458
Indonesia,IDN,2009,30.98519241
Indonesia,IDN,2010,32.88012145
Indonesia,IDN,2011,32.98433326
Indonesia,IDN,2012,35.07159361
Indonesia,IDN,2013,33.83135679
Indonesia,IDN,2014,34.60034391
Indonesia,IDN,2015,34.06279218
Indonesia,IDN,2016,33.858739299999996
Indonesia,IDN,2017,33.71707804
Indonesia,IDN,2018,34.56977138
Indonesia,IDN,2019,
"Iran, Islamic Republic of",,1960,
"Iran, Islamic Republic of",,1961,
"Iran, Islamic Republic of",,1962,
"Iran, Islamic Republic of",,1963,
"Iran, Islamic Republic of",,1964,
"Iran, Islamic Republic of",,1965,
"Iran, Islamic Republic of",,1966,
"Iran, Islamic Republic of",,1967,
"Iran, Islamic Republic of",,1968,
"Iran, Islamic Republic of",,1969,
"Iran, Islamic Republic of",,1970,
"Iran, Islamic Republic of",,1971,
"Iran, Islamic Republic of",,1972,
"Iran, Islamic Republic of",,1973,
"Iran, Islamic Republic of",,1974,
"Iran, Islamic Republic of",,1975,
"Iran, Islamic Republic of",,1976,
"Iran, Islamic Republic of",,1977,
"Iran, Islamic Republic of",,1978,
"Iran, Islamic Republic of",,1979,
"Iran, Islamic Republic of",,1980,
"Iran, Islamic Republic of",,1981,
"Iran, Islamic Republic of",,1982,
"Iran, Islamic Republic of",,1983,
"Iran, Islamic Republic of",,1984,
"Iran, Islamic Republic of",,1985,
"Iran, Islamic Republic of",,1986,
"Iran, Islamic Republic of",,1987,
"Iran, Islamic Republic of",,1988,
"Iran, Islamic Republic of",,1989,
"Iran, Islamic Republic of",,1990,
"Iran, Islamic Republic of",,1991,
"Iran, Islamic Republic of",,1992,
"Iran, Islamic Republic of",,1993,
"Iran, Islamic Republic of",,1994,
"Iran, Islamic Republic of",,1995,
"Iran, Islamic Republic of",,1996,
"Iran, Islamic Republic of",,1997,
"Iran, Islamic Republic of",,1998,
"Iran, Islamic Republic of",,1999,
"Iran, Islamic Republic of",,2000,
"Iran, Islamic Republic of",,2001,
"Iran, Islamic Republic of",,2002,
"Iran, Islamic Republic of",,2003,
"Iran, Islamic Republic of",,2004,
"Iran, Islamic Republic of",,2005,
"Iran, Islamic Republic of",,2006,
"Iran, Islamic Republic of",,2007,
"Iran, Islamic Republic of",,2008,
"Iran, Islamic Republic of",,2009,
"Iran, Islamic Republic of",,2010,
"Iran, Islamic Republic of",,2011,
"Iran, Islamic Republic of",,2012,
"Iran, Islamic Republic of",,2013,
"Iran, Islamic Republic of",,2014,
"Iran, Islamic Republic of",,2015,
"Iran, Islamic Republic of",,2016,
"Iran, Islamic Republic of",,2017,
"Iran, Islamic Republic of",,2018,
"Iran, Islamic Republic of",,2019,
Italy,ITA,1960,
Italy,ITA,1961,
Italy,ITA,1962,
Italy,ITA,1963,
Italy,ITA,1964,
Italy,ITA,1965,23.14670744
Italy,ITA,1966,22.62348846
Italy,ITA,1967,23.52983352
Italy,ITA,1968,24.14562939
Italy,ITA,1969,25.23907986
Italy,ITA,1970,25.70885772
Italy,ITA,1971,23.56185431
Italy,ITA,1972,22.67323319
Italy,ITA,1973,26.05771428
Italy,ITA,1974,29.43075261
Italy,ITA,1975,23.50562459
Italy,ITA,1976,26.293774699999997
Italy,ITA,1977,24.16259507
Italy,ITA,1978,23.61473617
Italy,ITA,1979,24.14219719
Italy,ITA,1980,26.46174549
Italy,ITA,1981,24.4110996
Italy,ITA,1982,23.46301811
Italy,ITA,1983,21.993962600000003
Italy,ITA,1984,23.04528872
Italy,ITA,1985,22.90604244
Italy,ITA,1986,21.49951199
Italy,ITA,1987,21.87551419
Italy,ITA,1988,22.32097883
Italy,ITA,1989,22.07359858
Italy,ITA,1990,22.30079181
Italy,ITA,1991,21.94532827
Italy,ITA,1992,21.3212649
Italy,ITA,1993,18.85448953
Italy,ITA,1994,18.79039457
Italy,ITA,1995,19.81326792
Italy,ITA,1996,19.13715056
Italy,ITA,1997,19.26917469
Italy,ITA,1998,19.48906186
Italy,ITA,1999,20.004711999999998
Italy,ITA,2000,20.71743579
Italy,ITA,2001,20.66966861
Italy,ITA,2002,21.41662522
Italy,ITA,2003,21.0653324
Italy,ITA,2004,21.17097465
Italy,ITA,2005,21.10345161
Italy,ITA,2006,21.89388594
Italy,ITA,2007,22.18536377
Italy,ITA,2008,21.78129619
Italy,ITA,2009,19.39261925
Italy,ITA,2010,20.53770159
Italy,ITA,2011,20.46225902
Italy,ITA,2012,17.86162224
Italy,ITA,2013,16.95513228
Italy,ITA,2014,17.0330045
Italy,ITA,2015,17.30259223
Italy,ITA,2016,17.57932187
Italy,ITA,2017,17.61972674
Italy,ITA,2018,17.9534389
Italy,ITA,2019,
Japan,JPN,1960,
Japan,JPN,1961,
Japan,JPN,1962,
Japan,JPN,1963,
Japan,JPN,1964,
Japan,JPN,1965,
Japan,JPN,1966,
Japan,JPN,1967,
Japan,JPN,1968,
Japan,JPN,1969,
Japan,JPN,1970,41.094494399999995
Japan,JPN,1971,37.65581721
Japan,JPN,1972,37.41655863
Japan,JPN,1973,40.09388654
Japan,JPN,1974,39.30085697
Japan,JPN,1975,34.51921843
Japan,JPN,1976,33.53625907
Japan,JPN,1977,32.49219279
Japan,JPN,1978,32.55271699
Japan,JPN,1979,34.22227182
Japan,JPN,1980,33.95775788
Japan,JPN,1981,32.75942815
Japan,JPN,1982,31.596633899999997
Japan,JPN,1983,30.12303596
Japan,JPN,1984,30.06064597
Japan,JPN,1985,30.01168763
Japan,JPN,1986,29.97070315
Japan,JPN,1987,30.94321627
Japan,JPN,1988,33.04842936
Japan,JPN,1989,33.86056022
Japan,JPN,1990,34.510552600000004
Japan,JPN,1991,34.2249921
Japan,JPN,1992,32.48936787
Japan,JPN,1993,30.67903515
Japan,JPN,1994,29.54485774
Japan,JPN,1995,29.88285636
Japan,JPN,1996,30.86515221
Japan,JPN,1997,29.95099622
Japan,JPN,1998,28.51517087
Japan,JPN,1999,27.11881302
Japan,JPN,2000,27.30713149
Japan,JPN,2001,26.56051089
Japan,JPN,2002,24.65550435
Japan,JPN,2003,24.39723113
Japan,JPN,2004,24.34862277
Japan,JPN,2005,24.74947189
Japan,JPN,2006,24.74862858
Japan,JPN,2007,24.48344725
Japan,JPN,2008,24.54784828
Japan,JPN,2009,21.32367452
Japan,JPN,2010,21.29748564
Japan,JPN,2011,22.10330102
Japan,JPN,2012,22.65442345
Japan,JPN,2013,23.19090989
Japan,JPN,2014,23.91610038
Japan,JPN,2015,24.02266959
Japan,JPN,2016,23.40740362
Japan,JPN,2017,23.9029839
Japan,JPN,2018,
Japan,JPN,2019,
Kazakhstan,KAZ,1960,
Kazakhstan,KAZ,1961,
Kazakhstan,KAZ,1962,
Kazakhstan,KAZ,1963,
Kazakhstan,KAZ,1964,
Kazakhstan,KAZ,1965,
Kazakhstan,KAZ,1966,
Kazakhstan,KAZ,1967,
Kazakhstan,KAZ,1968,
Kazakhstan,KAZ,1969,
Kazakhstan,KAZ,1970,
Kazakhstan,KAZ,1971,
Kazakhstan,KAZ,1972,
Kazakhstan,KAZ,1973,
Kazakhstan,KAZ,1974,
Kazakhstan,KAZ,1975,
Kazakhstan,KAZ,1976,
Kazakhstan,KAZ,1977,
Kazakhstan,KAZ,1978,
Kazakhstan,KAZ,1979,
Kazakhstan,KAZ,1980,
Kazakhstan,KAZ,1981,
Kazakhstan,KAZ,1982,
Kazakhstan,KAZ,1983,
Kazakhstan,KAZ,1984,
Kazakhstan,KAZ,1985,
Kazakhstan,KAZ,1986,
Kazakhstan,KAZ,1987,
Kazakhstan,KAZ,1988,
Kazakhstan,KAZ,1989,
Kazakhstan,KAZ,1990,
Kazakhstan,KAZ,1991,
Kazakhstan,KAZ,1992,31.50912106
Kazakhstan,KAZ,1993,20.02508233
Kazakhstan,KAZ,1994,28.70407454
Kazakhstan,KAZ,1995,19.88853173
Kazakhstan,KAZ,1996,20.52549261
Kazakhstan,KAZ,1997,19.62815968
Kazakhstan,KAZ,1998,20.46085895
Kazakhstan,KAZ,1999,13.70422954
Kazakhstan,KAZ,2000,18.13904803
Kazakhstan,KAZ,2001,26.87642284
Kazakhstan,KAZ,2002,27.28772328
Kazakhstan,KAZ,2003,25.70391259
Kazakhstan,KAZ,2004,26.31108968
Kazakhstan,KAZ,2005,30.96976804
Kazakhstan,KAZ,2006,33.90079132
Kazakhstan,KAZ,2007,35.52669949
Kazakhstan,KAZ,2008,27.5064843
Kazakhstan,KAZ,2009,29.41456452
Kazakhstan,KAZ,2010,25.37354902
Kazakhstan,KAZ,2011,22.99814602
Kazakhstan,KAZ,2012,25.22966023
Kazakhstan,KAZ,2013,24.56960536
Kazakhstan,KAZ,2014,25.79024724
Kazakhstan,KAZ,2015,27.907915600000003
Kazakhstan,KAZ,2016,27.82758289
Kazakhstan,KAZ,2017,26.56074867
Kazakhstan,KAZ,2018,
Kazakhstan,KAZ,2019,
"Korea, Republic of",,1960,
"Korea, Republic of",,1961,
"Korea, Republic of",,1962,
"Korea, Republic of",,1963,
"Korea, Republic of",,1964,
"Korea, Republic of",,1965,
"Korea, Republic of",,1966,
"Korea, Republic of",,1967,
"Korea, Republic of",,1968,
"Korea, Republic of",,1969,
"Korea, Republic of",,1970,
"Korea, Republic of",,1971,
"Korea, Republic of",,1972,
"Korea, Republic of",,1973,
"Korea, Republic of",,1974,
"Korea, Republic of",,1975,
"Korea, Republic of",,1976,
"Korea, Republic of",,1977,
"Korea, Republic of",,1978,
"Korea, Republic of",,1979,
"Korea, Republic of",,1980,
"Korea, Republic of",,1981,
"Korea, Republic of",,1982,
"Korea, Republic of",,1983,
"Korea, Republic of",,1984,
"Korea, Republic of",,1985,
"Korea, Republic of",,1986,
"Korea, Republic of",,1987,
"Korea, Republic of",,1988,
"Korea, Republic of",,1989,
"Korea, Republic of",,1990,
"Korea, Republic of",,1991,
"Korea, Republic of",,1992,
"Korea, Republic of",,1993,
"Korea, Republic of",,1994,
"Korea, Republic of",,1995,
"Korea, Republic of",,1996,
"Korea, Republic of",,1997,
"Korea, Republic of",,1998,
"Korea, Republic of",,1999,
"Korea, Republic of",,2000,
"Korea, Republic of",,2001,
"Korea, Republic of",,2002,
"Korea, Republic of",,2003,
"Korea, Republic of",,2004,
"Korea, Republic of",,2005,
"Korea, Republic of",,2006,
"Korea, Republic of",,2007,
"Korea, Republic of",,2008,
"Korea, Republic of",,2009,
"Korea, Republic of",,2010,
"Korea, Republic of",,2011,
"Korea, Republic of",,2012,
"Korea, Republic of",,2013,
"Korea, Republic of",,2014,
"Korea, Republic of",,2015,
"Korea, Republic of",,2016,
"Korea, Republic of",,2017,
"Korea, Republic of",,2018,
"Korea, Republic of",,2019,
Kuwait,KWT,1960,
Kuwait,KWT,1961,
Kuwait,KWT,1962,
Kuwait,KWT,1963,
Kuwait,KWT,1964,
Kuwait,KWT,1965,15.75433912
Kuwait,KWT,1966,17.68149883
Kuwait,KWT,1967,21.33027523
Kuwait,KWT,1968,17.98107256
Kuwait,KWT,1969,19.11021234
Kuwait,KWT,1970,12.12121212
Kuwait,KWT,1971,9.379071456
Kuwait,KWT,1972,9.303278688999999
Kuwait,KWT,1973,9.513122623
Kuwait,KWT,1974,6.776816332999999
Kuwait,KWT,1975,12.72440457
Kuwait,KWT,1976,16.54295909
Kuwait,KWT,1977,23.31597208
Kuwait,KWT,1978,20.2354431
Kuwait,KWT,1979,13.65098435
Kuwait,KWT,1980,13.92068172
Kuwait,KWT,1981,16.63087788
Kuwait,KWT,1982,25.19356841
Kuwait,KWT,1983,24.78597595
Kuwait,KWT,1984,21.02413113
Kuwait,KWT,1985,18.85428392
Kuwait,KWT,1986,22.10997561
Kuwait,KWT,1987,17.54423342
Kuwait,KWT,1988,15.69580156
Kuwait,KWT,1989,12.29892586
Kuwait,KWT,1990,17.62511305
Kuwait,KWT,1991,41.85571097
Kuwait,KWT,1992,22.36334124
Kuwait,KWT,1993,17.19154206
Kuwait,KWT,1994,16.15176217
Kuwait,KWT,1995,14.75228001
Kuwait,KWT,1996,15.1018635
Kuwait,KWT,1997,13.64253517
Kuwait,KWT,1998,18.45177096
Kuwait,KWT,1999,14.55977125
Kuwait,KWT,2000,10.66551426
Kuwait,KWT,2001,14.30707411
Kuwait,KWT,2002,17.12683348
Kuwait,KWT,2003,16.63278895
Kuwait,KWT,2004,18.1880459
Kuwait,KWT,2005,16.428601699999998
Kuwait,KWT,2006,16.15880556
Kuwait,KWT,2007,20.4567079
Kuwait,KWT,2008,17.62998486
Kuwait,KWT,2009,17.97690137
Kuwait,KWT,2010,17.658582
Kuwait,KWT,2011,13.54806688
Kuwait,KWT,2012,12.83501156
Kuwait,KWT,2013,14.35148536
Kuwait,KWT,2014,16.29041005
Kuwait,KWT,2015,25.42808492
Kuwait,KWT,2016,27.36221783
Kuwait,KWT,2017,29.07335907
Kuwait,KWT,2018,
Kuwait,KWT,2019,
Malaysia,MYS,1960,17.5412581
Malaysia,MYS,1961,20.52495362
Malaysia,MYS,1962,23.90380284
Malaysia,MYS,1963,19.74049844
Malaysia,MYS,1964,19.479811899999998
Malaysia,MYS,1965,19.1524
Malaysia,MYS,1966,19.117469600000003
Malaysia,MYS,1967,20.16048146
Malaysia,MYS,1968,20.11381952
Malaysia,MYS,1969,17.200468
Malaysia,MYS,1970,22.343742499999998
Malaysia,MYS,1971,21.47771826
Malaysia,MYS,1972,22.28221871
Malaysia,MYS,1973,24.47129733
Malaysia,MYS,1974,29.49294733
Malaysia,MYS,1975,24.2289374
Malaysia,MYS,1976,22.61285134
Malaysia,MYS,1977,24.68531849
Malaysia,MYS,1978,24.45820461
Malaysia,MYS,1979,26.51654877
Malaysia,MYS,1980,27.89896526
Malaysia,MYS,1981,32.08598511
Malaysia,MYS,1982,34.19056151
Malaysia,MYS,1983,34.45516084
Malaysia,MYS,1984,30.77742376
Malaysia,MYS,1985,25.29414289
Malaysia,MYS,1986,23.83085887
Malaysia,MYS,1987,20.87293383
Malaysia,MYS,1988,23.54316239
Malaysia,MYS,1989,28.14689166
Malaysia,MYS,1990,32.36032616
Malaysia,MYS,1991,37.79075361
Malaysia,MYS,1992,35.36278628
Malaysia,MYS,1993,39.18393895
Malaysia,MYS,1994,41.20229203
Malaysia,MYS,1995,43.64009853
Malaysia,MYS,1996,41.479362
Malaysia,MYS,1997,42.97308327
Malaysia,MYS,1998,26.67488102
Malaysia,MYS,1999,22.38185167
Malaysia,MYS,2000,26.86748915
Malaysia,MYS,2001,24.39821997
Malaysia,MYS,2002,24.77740781
Malaysia,MYS,2003,22.76338506
Malaysia,MYS,2004,23.04951598
Malaysia,MYS,2005,22.39641781
Malaysia,MYS,2006,22.70356227
Malaysia,MYS,2007,23.40968527
Malaysia,MYS,2008,21.45840293
Malaysia,MYS,2009,17.83572807
Malaysia,MYS,2010,23.386541100000002
Malaysia,MYS,2011,23.18825797
Malaysia,MYS,2012,25.74862137
Malaysia,MYS,2013,25.937106699999998
Malaysia,MYS,2014,24.97760843
Malaysia,MYS,2015,25.1366191
Malaysia,MYS,2016,25.83410505
Malaysia,MYS,2017,25.55837976
Malaysia,MYS,2018,23.62610694
Malaysia,MYS,2019,
Mexico,MEX,1960,18.36883436
Mexico,MEX,1961,17.56372881
Mexico,MEX,1962,16.45494737
Mexico,MEX,1963,18.37339623
Mexico,MEX,1964,18.86466135
Mexico,MEX,1965,20.26084249
Mexico,MEX,1966,19.45644737
Mexico,MEX,1967,20.1564759
Mexico,MEX,1968,19.389318799999998
Mexico,MEX,1969,19.66480296
Mexico,MEX,1970,22.73918919
Mexico,MEX,1971,20.241755100000002
Mexico,MEX,1972,20.31323894
Mexico,MEX,1973,21.38209841
Mexico,MEX,1974,23.17228889
Mexico,MEX,1975,23.69229091
Mexico,MEX,1976,22.2885558
Mexico,MEX,1977,22.8457112
Mexico,MEX,1978,23.60549422
Mexico,MEX,1979,25.94664928
Mexico,MEX,1980,25.72981767
Mexico,MEX,1981,25.94430226
Mexico,MEX,1982,21.55988646
Mexico,MEX,1983,19.78151126
Mexico,MEX,1984,18.93074176
Mexico,MEX,1985,20.00977669
Mexico,MEX,1986,17.83419879
Mexico,MEX,1987,18.31057874
Mexico,MEX,1988,22.75126853
Mexico,MEX,1989,23.10624119
Mexico,MEX,1990,23.27060354
Mexico,MEX,1991,23.42627673
Mexico,MEX,1992,23.32059903
Mexico,MEX,1993,23.02057622
Mexico,MEX,1994,24.92335243
Mexico,MEX,1995,20.96587176
Mexico,MEX,1996,21.57212184
Mexico,MEX,1997,22.59693366
Mexico,MEX,1998,23.69316212
Mexico,MEX,1999,22.57876667
Mexico,MEX,2000,22.95818123
Mexico,MEX,2001,20.83501268
Mexico,MEX,2002,20.70577508
Mexico,MEX,2003,21.09587417
Mexico,MEX,2004,21.49498948
Mexico,MEX,2005,22.12623426
Mexico,MEX,2006,22.82291704
Mexico,MEX,2007,23.11880995
Mexico,MEX,2008,24.10684385
Mexico,MEX,2009,22.88891649
Mexico,MEX,2010,22.79309499
Mexico,MEX,2011,23.28120862
Mexico,MEX,2012,23.88655517
Mexico,MEX,2013,22.49338333
Mexico,MEX,2014,21.90240018
Mexico,MEX,2015,23.27675001
Mexico,MEX,2016,23.76836698
Mexico,MEX,2017,22.95744121
Mexico,MEX,2018,23.0066228
Mexico,MEX,2019,
Netherlands,NLD,1960,
Netherlands,NLD,1961,
Netherlands,NLD,1962,
Netherlands,NLD,1963,
Netherlands,NLD,1964,
Netherlands,NLD,1965,
Netherlands,NLD,1966,
Netherlands,NLD,1967,
Netherlands,NLD,1968,
Netherlands,NLD,1969,
Netherlands,NLD,1970,29.71906638
Netherlands,NLD,1971,28.34215185
Netherlands,NLD,1972,25.73066596
Netherlands,NLD,1973,25.74619743
Netherlands,NLD,1974,24.60215736
Netherlands,NLD,1975,22.93766978
Netherlands,NLD,1976,22.84515561
Netherlands,NLD,1977,23.78278387
Netherlands,NLD,1978,23.62467051
Netherlands,NLD,1979,22.74494565
Netherlands,NLD,1980,23.61336182
Netherlands,NLD,1981,20.6982985
Netherlands,NLD,1982,19.68464891
Netherlands,NLD,1983,20.54452252
Netherlands,NLD,1984,21.13439562
Netherlands,NLD,1985,21.46813371
Netherlands,NLD,1986,22.7171107
Netherlands,NLD,1987,22.6261873
Netherlands,NLD,1988,23.99702484
Netherlands,NLD,1989,24.75997226
Netherlands,NLD,1990,24.24284706
Netherlands,NLD,1991,23.33335367
Netherlands,NLD,1992,23.32444774
Netherlands,NLD,1993,21.26906863
Netherlands,NLD,1994,21.515617499999998
Netherlands,NLD,1995,21.72831189
Netherlands,NLD,1996,22.56133478
Netherlands,NLD,1997,22.84295183
Netherlands,NLD,1998,22.94373502
Netherlands,NLD,1999,23.21681022
Netherlands,NLD,2000,22.57022568
Netherlands,NLD,2001,22.71826447
Netherlands,NLD,2002,21.00862638
Netherlands,NLD,2003,20.48809501
Netherlands,NLD,2004,20.32133856
Netherlands,NLD,2005,20.45407101
Netherlands,NLD,2006,21.02366623
Netherlands,NLD,2007,23.34948399
Netherlands,NLD,2008,22.33087865
Netherlands,NLD,2009,20.72123833
Netherlands,NLD,2010,20.22162528
Netherlands,NLD,2011,20.03970115
Netherlands,NLD,2012,18.72471155
Netherlands,NLD,2013,18.51004523
Netherlands,NLD,2014,17.91262136
Netherlands,NLD,2015,22.47495681
Netherlands,NLD,2016,20.48756453
Netherlands,NLD,2017,20.59267408
Netherlands,NLD,2018,20.65826141
Netherlands,NLD,2019,
New Zealand,NZL,1960,
New Zealand,NZL,1961,
New Zealand,NZL,1962,
New Zealand,NZL,1963,
New Zealand,NZL,1964,
New Zealand,NZL,1965,
New Zealand,NZL,1966,
New Zealand,NZL,1967,
New Zealand,NZL,1968,
New Zealand,NZL,1969,
New Zealand,NZL,1970,23.84698813
New Zealand,NZL,1971,24.44930708
New Zealand,NZL,1972,23.90752033
New Zealand,NZL,1973,27.21443321
New Zealand,NZL,1974,35.0049456
New Zealand,NZL,1975,27.67825782
New Zealand,NZL,1976,27.32741335
New Zealand,NZL,1977,25.25091095
New Zealand,NZL,1978,22.171460800000002
New Zealand,NZL,1979,23.65674526
New Zealand,NZL,1980,21.52702815
New Zealand,NZL,1981,25.26595745
New Zealand,NZL,1982,26.47838929
New Zealand,NZL,1983,26.85122604
New Zealand,NZL,1984,29.01759004
New Zealand,NZL,1985,27.03061203
New Zealand,NZL,1986,25.1082774
New Zealand,NZL,1987,22.63138529
New Zealand,NZL,1988,21.09015213
New Zealand,NZL,1989,23.37088342
New Zealand,NZL,1990,20.47105495
New Zealand,NZL,1991,17.54446009
New Zealand,NZL,1992,18.66598583
New Zealand,NZL,1993,21.22494827
New Zealand,NZL,1994,22.5816777
New Zealand,NZL,1995,23.65331061
New Zealand,NZL,1996,23.14517166
New Zealand,NZL,1997,22.92897009
New Zealand,NZL,1998,20.81141295
New Zealand,NZL,1999,23.2325641
New Zealand,NZL,2000,22.03456304
New Zealand,NZL,2001,22.95201691
New Zealand,NZL,2002,22.74653982
New Zealand,NZL,2003,24.12838577
New Zealand,NZL,2004,25.28160767
New Zealand,NZL,2005,25.42086819
New Zealand,NZL,2006,23.74442224
New Zealand,NZL,2007,24.75300515
New Zealand,NZL,2008,22.67875413
New Zealand,NZL,2009,19.65807126
New Zealand,NZL,2010,20.08218882
New Zealand,NZL,2011,20.44353572
New Zealand,NZL,2012,20.92259729
New Zealand,NZL,2013,22.01174326
New Zealand,NZL,2014,22.87188342
New Zealand,NZL,2015,23.19685808
New Zealand,NZL,2016,23.49874193
New Zealand,NZL,2017,23.48348812
New Zealand,NZL,2018,
New Zealand,NZL,2019,
Nigeria,NGA,1960,
Nigeria,NGA,1961,
Nigeria,NGA,1962,
Nigeria,NGA,1963,
Nigeria,NGA,1964,
Nigeria,NGA,1965,
Nigeria,NGA,1966,
Nigeria,NGA,1967,
Nigeria,NGA,1968,
Nigeria,NGA,1969,
Nigeria,NGA,1970,
Nigeria,NGA,1971,
Nigeria,NGA,1972,
Nigeria,NGA,1973,
Nigeria,NGA,1974,
Nigeria,NGA,1975,
Nigeria,NGA,1976,
Nigeria,NGA,1977,
Nigeria,NGA,1978,
Nigeria,NGA,1979,
Nigeria,NGA,1980,
Nigeria,NGA,1981,89.38105309
Nigeria,NGA,1982,85.93389861
Nigeria,NGA,1983,75.75313499
Nigeria,NGA,1984,58.94737865
Nigeria,NGA,1985,46.39087543
Nigeria,NGA,1986,54.95058655
Nigeria,NGA,1987,49.98770883
Nigeria,NGA,1988,43.64421915
Nigeria,NGA,1989,52.48869056
Nigeria,NGA,1990,53.18668521
Nigeria,NGA,1991,48.40571698
Nigeria,NGA,1992,43.77938896
Nigeria,NGA,1993,44.48885975
Nigeria,NGA,1994,42.08362086
Nigeria,NGA,1995,37.23966698
Nigeria,NGA,1996,36.62555769
Nigeria,NGA,1997,38.47745854
Nigeria,NGA,1998,40.614950799999995
Nigeria,NGA,1999,38.34181136
Nigeria,NGA,2000,34.10954141
Nigeria,NGA,2001,30.92588983
Nigeria,NGA,2002,27.58250942
Nigeria,NGA,2003,29.38679832
Nigeria,NGA,2004,27.11796542
Nigeria,NGA,2005,26.18958967
Nigeria,NGA,2006,27.86558554
Nigeria,NGA,2007,21.24460887
Nigeria,NGA,2008,19.896996100000003
Nigeria,NGA,2009,22.04953582
Nigeria,NGA,2010,17.562103
Nigeria,NGA,2011,16.3605621
Nigeria,NGA,2012,14.95882591
Nigeria,NGA,2013,14.90390593
Nigeria,NGA,2014,15.80270277
Nigeria,NGA,2015,15.49010409
Nigeria,NGA,2016,15.36673615
Nigeria,NGA,2017,15.47432765
Nigeria,NGA,2018,
Nigeria,NGA,2019,
Norway,NOR,1960,
Norway,NOR,1961,
Norway,NOR,1962,
Norway,NOR,1963,
Norway,NOR,1964,
Norway,NOR,1965,31.57624862
Norway,NOR,1966,32.18302896
Norway,NOR,1967,32.43071371
Norway,NOR,1968,27.971038699999998
Norway,NOR,1969,26.03775635
Norway,NOR,1970,32.90615099
Norway,NOR,1971,34.14676813
Norway,NOR,1972,31.15283049
Norway,NOR,1973,33.20069577
Norway,NOR,1974,36.49844726
Norway,NOR,1975,37.44624641
Norway,NOR,1976,38.88761415
Norway,NOR,1977,38.10642265
Norway,NOR,1978,29.93833235
Norway,NOR,1979,28.60179807
Norway,NOR,1980,28.2880743
Norway,NOR,1981,27.76887399
Norway,NOR,1982,28.76126878
Norway,NOR,1983,26.37899555
Norway,NOR,1984,27.52632847
Norway,NOR,1985,27.49990221
Norway,NOR,1986,32.89168656
Norway,NOR,1987,31.49029336
Norway,NOR,1988,30.37928937
Norway,NOR,1989,27.39153443
Norway,NOR,1990,24.58392233
Norway,NOR,1991,22.17211522
Norway,NOR,1992,21.51106946
Norway,NOR,1993,22.02478373
Norway,NOR,1994,22.92634214
Norway,NOR,1995,23.96555376
Norway,NOR,1996,22.66234425
Norway,NOR,1997,24.92718983
Norway,NOR,1998,28.16792069
Norway,NOR,1999,24.45838314
Norway,NOR,2000,21.74441569
Norway,NOR,2001,20.48057472
Norway,NOR,2002,20.4692917
Norway,NOR,2003,19.58418462
Norway,NOR,2004,21.6572455
Norway,NOR,2005,22.5932179
Norway,NOR,2006,24.17144854
Norway,NOR,2007,27.32602702
Norway,NOR,2008,26.11511699
Norway,NOR,2009,24.71793741
Norway,NOR,2010,25.41443067
Norway,NOR,2011,25.90030242
Norway,NOR,2012,26.48398488
Norway,NOR,2013,27.86984548
Norway,NOR,2014,28.06568224
Norway,NOR,2015,27.57164903
Norway,NOR,2016,28.72648187
Norway,NOR,2017,28.17579625
Norway,NOR,2018,27.61239073
Norway,NOR,2019,
Poland,POL,1960,
Poland,POL,1961,
Poland,POL,1962,
Poland,POL,1963,
Poland,POL,1964,
Poland,POL,1965,
Poland,POL,1966,
Poland,POL,1967,
Poland,POL,1968,
Poland,POL,1969,
Poland,POL,1970,
Poland,POL,1971,
Poland,POL,1972,
Poland,POL,1973,
Poland,POL,1974,
Poland,POL,1975,
Poland,POL,1976,
Poland,POL,1977,
Poland,POL,1978,
Poland,POL,1979,
Poland,POL,1980,
Poland,POL,1981,
Poland,POL,1982,
Poland,POL,1983,
Poland,POL,1984,
Poland,POL,1985,
Poland,POL,1986,
Poland,POL,1987,
Poland,POL,1988,
Poland,POL,1989,
Poland,POL,1990,
Poland,POL,1991,
Poland,POL,1992,
Poland,POL,1993,
Poland,POL,1994,
Poland,POL,1995,19.67866126
Poland,POL,1996,21.70524299
Poland,POL,1997,23.70226565
Poland,POL,1998,25.18157969
Poland,POL,1999,25.46373241
Poland,POL,2000,24.6318106
Poland,POL,2001,20.55799296
Poland,POL,2002,18.44543299
Poland,POL,2003,18.83181824
Poland,POL,2004,20.23059561
Poland,POL,2005,19.90503479
Poland,POL,2006,21.69637249
Poland,POL,2007,25.20770795
Poland,POL,2008,24.65598658
Poland,POL,2009,20.57312011
Poland,POL,2010,21.31325166
Poland,POL,2011,22.43978903
Poland,POL,2012,20.9909017
Poland,POL,2013,18.98116658
Poland,POL,2014,20.35863127
Poland,POL,2015,20.46018615
Poland,POL,2016,19.58683841
Poland,POL,2017,19.81838966
Poland,POL,2018,20.65660462
Poland,POL,2019,
Portugal,PRT,1960,
Portugal,PRT,1961,
Portugal,PRT,1962,
Portugal,PRT,1963,
Portugal,PRT,1964,
Portugal,PRT,1965,
Portugal,PRT,1966,
Portugal,PRT,1967,
Portugal,PRT,1968,
Portugal,PRT,1969,
Portugal,PRT,1970,28.05071363
Portugal,PRT,1971,26.0962842
Portugal,PRT,1972,28.72329011
Portugal,PRT,1973,31.248435600000004
Portugal,PRT,1974,29.635981899999997
Portugal,PRT,1975,19.44077307
Portugal,PRT,1976,24.76518454
Portugal,PRT,1977,30.10514589
Portugal,PRT,1978,31.60298866
Portugal,PRT,1979,30.58082687
Portugal,PRT,1980,34.00494255
Portugal,PRT,1981,35.82898027
Portugal,PRT,1982,35.35958963
Portugal,PRT,1983,29.30516143
Portugal,PRT,1984,23.04644937
Portugal,PRT,1985,21.39221286
Portugal,PRT,1986,23.16011301
Portugal,PRT,1987,27.36433253
Portugal,PRT,1988,30.45500815
Portugal,PRT,1989,28.27883254
Portugal,PRT,1990,27.70678465
Portugal,PRT,1991,25.72535995
Portugal,PRT,1992,24.93309214
Portugal,PRT,1993,22.13399328
Portugal,PRT,1994,22.93889141
Portugal,PRT,1995,24.18085697
Portugal,PRT,1996,24.38100904
Portugal,PRT,1997,26.51055545
Portugal,PRT,1998,28.301984700000002
Portugal,PRT,1999,29.01485576
Portugal,PRT,2000,28.76434253
Portugal,PRT,2001,28.14277065
Portugal,PRT,2002,25.99969878
Portugal,PRT,2003,23.63024778
Portugal,PRT,2004,24.17975737
Portugal,PRT,2005,23.65723581
Portugal,PRT,2006,23.23360214
Portugal,PRT,2007,23.07130776
Portugal,PRT,2008,23.56598676
Portugal,PRT,2009,20.79135157
Portugal,PRT,2010,21.08069673
Portugal,PRT,2011,18.59842223
Portugal,PRT,2012,15.71645736
Portugal,PRT,2013,14.63197831
Portugal,PRT,2014,15.30302439
Portugal,PRT,2015,15.82319981
Portugal,PRT,2016,15.722135399999999
Portugal,PRT,2017,16.88368008
Portugal,PRT,2018,17.53307643
Portugal,PRT,2019,
Romania,ROU,1960,
Romania,ROU,1961,
Romania,ROU,1962,
Romania,ROU,1963,
Romania,ROU,1964,
Romania,ROU,1965,
Romania,ROU,1966,
Romania,ROU,1967,
Romania,ROU,1968,
Romania,ROU,1969,
Romania,ROU,1970,
Romania,ROU,1971,
Romania,ROU,1972,
Romania,ROU,1973,
Romania,ROU,1974,
Romania,ROU,1975,
Romania,ROU,1976,
Romania,ROU,1977,
Romania,ROU,1978,
Romania,ROU,1979,
Romania,ROU,1980,
Romania,ROU,1981,36.29950297
Romania,ROU,1982,33.7228485
Romania,ROU,1983,
Romania,ROU,1984,
Romania,ROU,1985,
Romania,ROU,1986,
Romania,ROU,1987,
Romania,ROU,1988,
Romania,ROU,1989,
Romania,ROU,1990,30.24828069
Romania,ROU,1991,28.045737100000004
Romania,ROU,1992,31.40549327
Romania,ROU,1993,28.92771938
Romania,ROU,1994,24.80913473
Romania,ROU,1995,23.3161643
Romania,ROU,1996,23.09509383
Romania,ROU,1997,21.29874
Romania,ROU,1998,18.38293112
Romania,ROU,1999,15.64930777
Romania,ROU,2000,19.66958111
Romania,ROU,2001,22.75601109
Romania,ROU,2002,22.17269811
Romania,ROU,2003,23.19531924
Romania,ROU,2004,24.2165645
Romania,ROU,2005,22.93068546
Romania,ROU,2006,27.46696985
Romania,ROU,2007,31.33701879
Romania,ROU,2008,33.09317335
Romania,ROU,2009,27.19623714
Romania,ROU,2010,27.14298425
Romania,ROU,2011,28.11226855
Romania,ROU,2012,26.95008227
Romania,ROU,2013,25.58476592
Romania,ROU,2014,24.68394312
Romania,ROU,2015,25.12825788
Romania,ROU,2016,23.33337341
Romania,ROU,2017,23.38156653
Romania,ROU,2018,24.16140854
Romania,ROU,2019,
Russian Federation,RUS,1960,
Russian Federation,RUS,1961,
Russian Federation,RUS,1962,
Russian Federation,RUS,1963,
Russian Federation,RUS,1964,
Russian Federation,RUS,1965,
Russian Federation,RUS,1966,
Russian Federation,RUS,1967,
Russian Federation,RUS,1968,
Russian Federation,RUS,1969,
Russian Federation,RUS,1970,
Russian Federation,RUS,1971,
Russian Federation,RUS,1972,
Russian Federation,RUS,1973,
Russian Federation,RUS,1974,
Russian Federation,RUS,1975,
Russian Federation,RUS,1976,
Russian Federation,RUS,1977,
Russian Federation,RUS,1978,
Russian Federation,RUS,1979,
Russian Federation,RUS,1980,
Russian Federation,RUS,1981,
Russian Federation,RUS,1982,
Russian Federation,RUS,1983,
Russian Federation,RUS,1984,
Russian Federation,RUS,1985,
Russian Federation,RUS,1986,
Russian Federation,RUS,1987,
Russian Federation,RUS,1988,27.26932435
Russian Federation,RUS,1989,33.83944154
Russian Federation,RUS,1990,30.13039429
Russian Federation,RUS,1991,36.26742939
Russian Federation,RUS,1992,34.61336139
Russian Federation,RUS,1993,27.00717159
Russian Federation,RUS,1994,25.53745395
Russian Federation,RUS,1995,25.4388784
Russian Federation,RUS,1996,23.66740011
Russian Federation,RUS,1997,21.97638947
Russian Federation,RUS,1998,14.96412223
Russian Federation,RUS,1999,14.83030005
Russian Federation,RUS,2000,18.69376019
Russian Federation,RUS,2001,21.94981733
Russian Federation,RUS,2002,20.02954619
Russian Federation,RUS,2003,20.85895848
Russian Federation,RUS,2004,20.90127508
Russian Federation,RUS,2005,20.07749692
Russian Federation,RUS,2006,21.1715918
Russian Federation,RUS,2007,24.16451403
Russian Federation,RUS,2008,25.50121971
Russian Federation,RUS,2009,18.92637574
Russian Federation,RUS,2010,22.61505055
Russian Federation,RUS,2011,24.44472293
Russian Federation,RUS,2012,24.54408293
Russian Federation,RUS,2013,23.12990437
Russian Federation,RUS,2014,22.62084863
Russian Federation,RUS,2015,22.38829735
Russian Federation,RUS,2016,23.53425247
Russian Federation,RUS,2017,24.09215557
Russian Federation,RUS,2018,22.73022197
Russian Federation,RUS,2019,
Saudi Arabia,SAU,1960,
Saudi Arabia,SAU,1961,
Saudi Arabia,SAU,1962,
Saudi Arabia,SAU,1963,
Saudi Arabia,SAU,1964,
Saudi Arabia,SAU,1965,
Saudi Arabia,SAU,1966,
Saudi Arabia,SAU,1967,
Saudi Arabia,SAU,1968,27.62963164
Saudi Arabia,SAU,1969,24.45070963
Saudi Arabia,SAU,1970,60.51622448
Saudi Arabia,SAU,1971,67.04373236
Saudi Arabia,SAU,1972,69.53105153
Saudi Arabia,SAU,1973,72.31995885
Saudi Arabia,SAU,1974,85.03241986
Saudi Arabia,SAU,1975,73.33854129999999
Saudi Arabia,SAU,1976,69.09298309
Saudi Arabia,SAU,1977,62.48861086
Saudi Arabia,SAU,1978,55.61382485
Saudi Arabia,SAU,1979,56.219376600000004
Saudi Arabia,SAU,1980,65.64148189
Saudi Arabia,SAU,1981,21.15912456
Saudi Arabia,SAU,1982,25.85345704
Saudi Arabia,SAU,1983,34.35046427
Saudi Arabia,SAU,1984,32.82869736
Saudi Arabia,SAU,1985,21.45313272
Saudi Arabia,SAU,1986,19.45935035
Saudi Arabia,SAU,1987,17.71813879
Saudi Arabia,SAU,1988,19.68842941
Saudi Arabia,SAU,1989,19.44491899
Saudi Arabia,SAU,1990,15.684227300000002
Saudi Arabia,SAU,1991,19.985615600000003
Saudi Arabia,SAU,1992,22.96364536
Saudi Arabia,SAU,1993,25.05498427
Saudi Arabia,SAU,1994,20.35695439
Saudi Arabia,SAU,1995,20.28614186
Saudi Arabia,SAU,1996,18.57124373
Saudi Arabia,SAU,1997,18.77753263
Saudi Arabia,SAU,1998,22.94930905
Saudi Arabia,SAU,1999,21.51362067
Saudi Arabia,SAU,2000,19.31699949
Saudi Arabia,SAU,2001,19.62310299
Saudi Arabia,SAU,2002,19.69335132
Saudi Arabia,SAU,2003,19.49249234
Saudi Arabia,SAU,2004,19.86461682
Saudi Arabia,SAU,2005,20.1748335
Saudi Arabia,SAU,2006,22.21516113
Saudi Arabia,SAU,2007,26.47285427
Saudi Arabia,SAU,2008,27.29579456
Saudi Arabia,SAU,2009,31.71528236
Saudi Arabia,SAU,2010,30.92628858
Saudi Arabia,SAU,2011,26.97085154
Saudi Arabia,SAU,2012,26.54156306
Saudi Arabia,SAU,2013,26.46972708
Saudi Arabia,SAU,2014,28.75058746
Saudi Arabia,SAU,2015,35.12748062
Saudi Arabia,SAU,2016,26.60586301
Saudi Arabia,SAU,2017,28.86196179
Saudi Arabia,SAU,2018,25.88173109
Saudi Arabia,SAU,2019,
South Africa,ZAF,1960,21.881352800000002
South Africa,ZAF,1961,20.93064091
South Africa,ZAF,1962,19.81878089
South Africa,ZAF,1963,23.99346308
South Africa,ZAF,1964,25.29014845
South Africa,ZAF,1965,27.27272727
South Africa,ZAF,1966,24.78186969
South Africa,ZAF,1967,27.44639772
South Africa,ZAF,1968,25.40652317
South Africa,ZAF,1969,26.23894544
South Africa,ZAF,1970,28.55731225
South Africa,ZAF,1971,30.9564739
South Africa,ZAF,1972,26.53185528
South Africa,ZAF,1973,26.65518938
South Africa,ZAF,1974,30.03198721
South Africa,ZAF,1975,32.34229759
South Africa,ZAF,1976,30.381099
South Africa,ZAF,1977,29.74624459
South Africa,ZAF,1978,26.66879906
South Africa,ZAF,1979,27.37798471
South Africa,ZAF,1980,31.35637804
South Africa,ZAF,1981,34.11518408
South Africa,ZAF,1982,26.52871889
South Africa,ZAF,1983,27.17322107
South Africa,ZAF,1984,25.54336395
South Africa,ZAF,1985,22.04957623
South Africa,ZAF,1986,21.02094122
South Africa,ZAF,1987,17.78428404
South Africa,ZAF,1988,21.22829638
South Africa,ZAF,1989,22.74589375
South Africa,ZAF,1990,19.41325413
South Africa,ZAF,1991,19.02496749
South Africa,ZAF,1992,16.76860652
South Africa,ZAF,1993,15.162320800000002
South Africa,ZAF,1994,17.72010326
South Africa,ZAF,1995,19.16665189
South Africa,ZAF,1996,18.04002767
South Africa,ZAF,1997,17.71511711
South Africa,ZAF,1998,17.99153951
South Africa,ZAF,1999,17.03509901
South Africa,ZAF,2000,16.365325199999997
South Africa,ZAF,2001,15.74458201
South Africa,ZAF,2002,16.27796741
South Africa,ZAF,2003,17.10588445
South Africa,ZAF,2004,18.46659574
South Africa,ZAF,2005,18.31497742
South Africa,ZAF,2006,20.18299445
South Africa,ZAF,2007,20.9855217
South Africa,ZAF,2008,23.15016528
South Africa,ZAF,2009,20.70489939
South Africa,ZAF,2010,19.51298134
South Africa,ZAF,2011,19.72094808
South Africa,ZAF,2012,19.96598504
South Africa,ZAF,2013,21.16355695
South Africa,ZAF,2014,20.49949351
South Africa,ZAF,2015,20.91795716
South Africa,ZAF,2016,19.160965899999997
South Africa,ZAF,2017,18.80621345
South Africa,ZAF,2018,17.94037997
South Africa,ZAF,2019,
Spain,ESP,1960,
Spain,ESP,1961,
Spain,ESP,1962,
Spain,ESP,1963,
Spain,ESP,1964,
Spain,ESP,1965,
Spain,ESP,1966,
Spain,ESP,1967,
Spain,ESP,1968,
Spain,ESP,1969,
Spain,ESP,1970,28.16972908
Spain,ESP,1971,25.89776252
Spain,ESP,1972,27.13011609
Spain,ESP,1973,28.50676545
Spain,ESP,1974,31.63305601
Spain,ESP,1975,29.90746065
Spain,ESP,1976,28.228452500000003
Spain,ESP,1977,26.18940125
Spain,ESP,1978,24.0102804
Spain,ESP,1979,23.40653114
Spain,ESP,1980,24.20970202
Spain,ESP,1981,22.55554133
Spain,ESP,1982,22.43257233
Spain,ESP,1983,21.58363216
Spain,ESP,1984,20.45879995
Spain,ESP,1985,20.68066745
Spain,ESP,1986,21.58362587
Spain,ESP,1987,23.00609807
Spain,ESP,1988,25.17963761
Spain,ESP,1989,26.49799854
Spain,ESP,1990,26.65731022
Spain,ESP,1991,25.84360525
Spain,ESP,1992,23.90552781
Spain,ESP,1993,21.32044775
Spain,ESP,1994,21.50715385
Spain,ESP,1995,22.36876193
Spain,ESP,1996,22.0821243
Spain,ESP,1997,22.4832014
Spain,ESP,1998,23.79963974
Spain,ESP,1999,25.42485816
Spain,ESP,2000,26.5794971
Spain,ESP,2001,26.57306069
Spain,ESP,2002,26.90060431
Spain,ESP,2003,27.82337157
Spain,ESP,2004,28.75287316
Spain,ESP,2005,30.01571087
Spain,ESP,2006,31.29614454
Spain,ESP,2007,31.33547433
Spain,ESP,2008,29.59546686
Spain,ESP,2009,24.56535922
Spain,ESP,2010,23.54896455
Spain,ESP,2011,21.90734916
Spain,ESP,2012,19.99394123
Spain,ESP,2013,18.711349300000002
Spain,ESP,2014,19.45212079
Spain,ESP,2015,20.44119075
Spain,ESP,2016,20.43740162
Spain,ESP,2017,21.10408902
Spain,ESP,2018,21.92712092
Spain,ESP,2019,
Sweden,SWE,1960,
Sweden,SWE,1961,
Sweden,SWE,1962,
Sweden,SWE,1963,
Sweden,SWE,1964,
Sweden,SWE,1965,28.21881945
Sweden,SWE,1966,26.7320304
Sweden,SWE,1967,25.65156933
Sweden,SWE,1968,24.85358246
Sweden,SWE,1969,25.3367285
Sweden,SWE,1970,33.46463072
Sweden,SWE,1971,30.35291118
Sweden,SWE,1972,29.27415523
Sweden,SWE,1973,28.26701658
Sweden,SWE,1974,31.06087373
Sweden,SWE,1975,31.58511126
Sweden,SWE,1976,30.67950284
Sweden,SWE,1977,26.94882716
Sweden,SWE,1978,23.49858883
Sweden,SWE,1979,26.26826229
Sweden,SWE,1980,27.62322193
Sweden,SWE,1981,23.9771313
Sweden,SWE,1982,23.53626684
Sweden,SWE,1983,23.36661148
Sweden,SWE,1984,24.36312305
Sweden,SWE,1985,26.72511876
Sweden,SWE,1986,24.9325844
Sweden,SWE,1987,26.140774899999997
Sweden,SWE,1988,27.39444454
Sweden,SWE,1989,30.1804874
Sweden,SWE,1990,29.60134036
Sweden,SWE,1991,25.07123342
Sweden,SWE,1992,23.05326392
Sweden,SWE,1993,19.03916907
Sweden,SWE,1994,20.34548944
Sweden,SWE,1995,20.74130485
Sweden,SWE,1996,20.50209421
Sweden,SWE,1997,20.32405892
Sweden,SWE,1998,21.46115196
Sweden,SWE,1999,21.72265755
Sweden,SWE,2000,22.86008795
Sweden,SWE,2001,22.867977800000002
Sweden,SWE,2002,21.86515014
Sweden,SWE,2003,21.6741027
Sweden,SWE,2004,21.649457
Sweden,SWE,2005,22.09313072
Sweden,SWE,2006,23.11973506
Sweden,SWE,2007,24.6986125
Sweden,SWE,2008,24.61051025
Sweden,SWE,2009,21.0082354
Sweden,SWE,2010,22.99646634
Sweden,SWE,2011,23.908897
Sweden,SWE,2012,22.6959685
Sweden,SWE,2013,22.57760393
Sweden,SWE,2014,23.42944867
Sweden,SWE,2015,24.31556692
Sweden,SWE,2016,24.51799648
Sweden,SWE,2017,25.61434322
Sweden,SWE,2018,26.54102328
Sweden,SWE,2019,
"Taiwan, Province of China",,1960,
"Taiwan, Province of China",,1961,
"Taiwan, Province of China",,1962,
"Taiwan, Province of China",,1963,
"Taiwan, Province of China",,1964,
"Taiwan, Province of China",,1965,
"Taiwan, Province of China",,1966,
"Taiwan, Province of China",,1967,
"Taiwan, Province of China",,1968,
"Taiwan, Province of China",,1969,
"Taiwan, Province of China",,1970,
"Taiwan, Province of China",,1971,
"Taiwan, Province of China",,1972,
"Taiwan, Province of China",,1973,
"Taiwan, Province of China",,1974,
"Taiwan, Province of China",,1975,
"Taiwan, Province of China",,1976,
"Taiwan, Province of China",,1977,
"Taiwan, Province of China",,1978,
"Taiwan, Province of China",,1979,
"Taiwan, Province of China",,1980,
"Taiwan, Province of China",,1981,
"Taiwan, Province of China",,1982,
"Taiwan, Province of China",,1983,
"Taiwan, Province of China",,1984,
"Taiwan, Province of China",,1985,
"Taiwan, Province of China",,1986,
"Taiwan, Province of China",,1987,
"Taiwan, Province of China",,1988,
"Taiwan, Province of China",,1989,
"Taiwan, Province of China",,1990,
"Taiwan, Province of China",,1991,
"Taiwan, Province of China",,1992,
"Taiwan, Province of China",,1993,
"Taiwan, Province of China",,1994,
"Taiwan, Province of China",,1995,
"Taiwan, Province of China",,1996,
"Taiwan, Province of China",,1997,
"Taiwan, Province of China",,1998,
"Taiwan, Province of China",,1999,
"Taiwan, Province of China",,2000,
"Taiwan, Province of China",,2001,
"Taiwan, Province of China",,2002,
"Taiwan, Province of China",,2003,
"Taiwan, Province of China",,2004,
"Taiwan, Province of China",,2005,
"Taiwan, Province of China",,2006,
"Taiwan, Province of China",,2007,
"Taiwan, Province of China",,2008,
"Taiwan, Province of China",,2009,
"Taiwan, Province of China",,2010,
"Taiwan, Province of China",,2011,
"Taiwan, Province of China",,2012,
"Taiwan, Province of China",,2013,
"Taiwan, Province of China",,2014,
"Taiwan, Province of China",,2015,
"Taiwan, Province of China",,2016,
"Taiwan, Province of China",,2017,
"Taiwan, Province of China",,2018,
"Taiwan, Province of China",,2019,
Thailand,THA,1960,14.46365768
Thailand,THA,1961,13.959471599999999
Thailand,THA,1962,16.98796229
Thailand,THA,1963,19.82464169
Thailand,THA,1964,18.52797242
Thailand,THA,1965,18.63513863
Thailand,THA,1966,21.77254825
Thailand,THA,1967,21.90058018
Thailand,THA,1968,23.27153489
Thailand,THA,1969,24.32591561
Thailand,THA,1970,25.59769344
Thailand,THA,1971,24.20860488
Thailand,THA,1972,21.67666095
Thailand,THA,1973,26.99594817
Thailand,THA,1974,26.63502807
Thailand,THA,1975,26.75041342
Thailand,THA,1976,23.98528098
Thailand,THA,1977,26.88475787
Thailand,THA,1978,28.16386659
Thailand,THA,1979,27.20522521
Thailand,THA,1980,29.14192413
Thailand,THA,1981,29.67530952
Thailand,THA,1982,26.51654201
Thailand,THA,1983,29.97527632
Thailand,THA,1984,29.47311368
Thailand,THA,1985,28.24458054
Thailand,THA,1986,25.87231091
Thailand,THA,1987,27.87471199
Thailand,THA,1988,32.59088992
Thailand,THA,1989,35.06611671
Thailand,THA,1990,41.35376259
Thailand,THA,1991,42.84137755
Thailand,THA,1992,39.96394765
Thailand,THA,1993,39.65598867
Thailand,THA,1994,40.90778485
Thailand,THA,1995,42.86274522
Thailand,THA,1996,42.53267954
Thailand,THA,1997,34.27480931
Thailand,THA,1998,20.07146991
Thailand,THA,1999,20.17342611
Thailand,THA,2000,22.28259251
Thailand,THA,2001,23.11238532
Thailand,THA,2002,22.74419377
Thailand,THA,2003,23.82930245
Thailand,THA,2004,25.68145532
Thailand,THA,2005,30.42075885
Thailand,THA,2006,27.01160802
Thailand,THA,2007,25.49599744
Thailand,THA,2008,28.22642623
Thailand,THA,2009,20.63642188
Thailand,THA,2010,25.35664056
Thailand,THA,2011,26.79148668
Thailand,THA,2012,28.02418288
Thailand,THA,2013,27.45708494
Thailand,THA,2014,23.91904009
Thailand,THA,2015,22.35570305
Thailand,THA,2016,20.94018037
Thailand,THA,2017,22.83603504
Thailand,THA,2018,25.01351859
Thailand,THA,2019,
Turkey,TUR,1960,9.985315712
Turkey,TUR,1961,10.01390821
Turkey,TUR,1962,10.70983811
Turkey,TUR,1963,11.69527897
Turkey,TUR,1964,10.93439364
Turkey,TUR,1965,11.3277623
Turkey,TUR,1966,12.84475965
Turkey,TUR,1967,12.64204545
Turkey,TUR,1968,13.3968254
Turkey,TUR,1969,13.35616438
Turkey,TUR,1970,14.70737913
Turkey,TUR,1971,13.73195876
Turkey,TUR,1972,16.81079211
Turkey,TUR,1973,15.46703297
Turkey,TUR,1974,17.89027834
Turkey,TUR,1975,18.70927707
Turkey,TUR,1976,20.32312925
Turkey,TUR,1977,20.66647733
Turkey,TUR,1978,15.14634301
Turkey,TUR,1979,14.50271768
Turkey,TUR,1980,18.16426414
Turkey,TUR,1981,17.86988989
Turkey,TUR,1982,16.95259336
Turkey,TUR,1983,16.28529103
Turkey,TUR,1984,16.18031468
Turkey,TUR,1985,16.51322819
Turkey,TUR,1986,18.84755664
Turkey,TUR,1987,25.66650473
Turkey,TUR,1988,25.14260067
Turkey,TUR,1989,23.47258691
Turkey,TUR,1990,24.54926752
Turkey,TUR,1991,22.71203962
Turkey,TUR,1992,23.36227144
Turkey,TUR,1993,26.61560909
Turkey,TUR,1994,21.32053293
Turkey,TUR,1995,25.47355727
Turkey,TUR,1996,24.55131495
Turkey,TUR,1997,25.11078627
Turkey,TUR,1998,23.85661455
Turkey,TUR,1999,21.34168452
Turkey,TUR,2000,23.80016154
Turkey,TUR,2001,18.13547044
Turkey,TUR,2002,21.24315825
Turkey,TUR,2003,22.47351456
Turkey,TUR,2004,25.20531092
Turkey,TUR,2005,27.03354754
Turkey,TUR,2006,29.5652375
Turkey,TUR,2007,28.71373295
Turkey,TUR,2008,28.93590409
Turkey,TUR,2009,23.01843715
Turkey,TUR,2010,26.97276423
Turkey,TUR,2011,31.26869387
Turkey,TUR,2012,28.30414962
Turkey,TUR,2013,29.77321059
Turkey,TUR,2014,29.03337622
Turkey,TUR,2015,28.36202459
Turkey,TUR,2016,28.226639399999996
Turkey,TUR,2017,30.97017109
Turkey,TUR,2018,29.18952191
Turkey,TUR,2019,
Ukraine,UKR,1960,
Ukraine,UKR,1961,
Ukraine,UKR,1962,
Ukraine,UKR,1963,
Ukraine,UKR,1964,
Ukraine,UKR,1965,
Ukraine,UKR,1966,
Ukraine,UKR,1967,
Ukraine,UKR,1968,
Ukraine,UKR,1969,
Ukraine,UKR,1970,
Ukraine,UKR,1971,
Ukraine,UKR,1972,
Ukraine,UKR,1973,
Ukraine,UKR,1974,
Ukraine,UKR,1975,
Ukraine,UKR,1976,
Ukraine,UKR,1977,
Ukraine,UKR,1978,
Ukraine,UKR,1979,
Ukraine,UKR,1980,
Ukraine,UKR,1981,
Ukraine,UKR,1982,
Ukraine,UKR,1983,
Ukraine,UKR,1984,
Ukraine,UKR,1985,
Ukraine,UKR,1986,
Ukraine,UKR,1987,
Ukraine,UKR,1988,
Ukraine,UKR,1989,
Ukraine,UKR,1990,
Ukraine,UKR,1991,26.34918515
Ukraine,UKR,1992,34.45233719
Ukraine,UKR,1993,36.29251448
Ukraine,UKR,1994,35.33144531
Ukraine,UKR,1995,26.68320818
Ukraine,UKR,1996,22.67078771
Ukraine,UKR,1997,21.44593769
Ukraine,UKR,1998,20.81720972
Ukraine,UKR,1999,17.51295432
Ukraine,UKR,2000,19.63015229
Ukraine,UKR,2001,25.37317823
Ukraine,UKR,2002,23.49572233
Ukraine,UKR,2003,25.61516227
Ukraine,UKR,2004,24.63715572
Ukraine,UKR,2005,26.32663751
Ukraine,UKR,2006,28.81303553
Ukraine,UKR,2007,32.82585236
Ukraine,UKR,2008,32.51123657
Ukraine,UKR,2009,19.8511925
Ukraine,UKR,2010,20.87338073
Ukraine,UKR,2011,22.43692456
Ukraine,UKR,2012,21.71550735
Ukraine,UKR,2013,18.48862748
Ukraine,UKR,2014,13.39649572
Ukraine,UKR,2015,15.93331603
Ukraine,UKR,2016,21.72416236
Ukraine,UKR,2017,19.94696841
Ukraine,UKR,2018,18.76954713
Ukraine,UKR,2019,
United Arab Emirates,ARE,1960,
United Arab Emirates,ARE,1961,
United Arab Emirates,ARE,1962,
United Arab Emirates,ARE,1963,
United Arab Emirates,ARE,1964,
United Arab Emirates,ARE,1965,
United Arab Emirates,ARE,1966,
United Arab Emirates,ARE,1967,
United Arab Emirates,ARE,1968,
United Arab Emirates,ARE,1969,
United Arab Emirates,ARE,1970,
United Arab Emirates,ARE,1971,
United Arab Emirates,ARE,1972,
United Arab Emirates,ARE,1973,
United Arab Emirates,ARE,1974,
United Arab Emirates,ARE,1975,
United Arab Emirates,ARE,1976,
United Arab Emirates,ARE,1977,
United Arab Emirates,ARE,1978,
United Arab Emirates,ARE,1979,
United Arab Emirates,ARE,1980,
United Arab Emirates,ARE,1981,
United Arab Emirates,ARE,1982,
United Arab Emirates,ARE,1983,
United Arab Emirates,ARE,1984,
United Arab Emirates,ARE,1985,
United Arab Emirates,ARE,1986,
United Arab Emirates,ARE,1987,
United Arab Emirates,ARE,1988,
United Arab Emirates,ARE,1989,
United Arab Emirates,ARE,1990,
United Arab Emirates,ARE,1991,
United Arab Emirates,ARE,1992,
United Arab Emirates,ARE,1993,
United Arab Emirates,ARE,1994,
United Arab Emirates,ARE,1995,
United Arab Emirates,ARE,1996,
United Arab Emirates,ARE,1997,
United Arab Emirates,ARE,1998,
United Arab Emirates,ARE,1999,
United Arab Emirates,ARE,2000,
United Arab Emirates,ARE,2001,22.50245116
United Arab Emirates,ARE,2002,22.54574758
United Arab Emirates,ARE,2003,22.12971519
United Arab Emirates,ARE,2004,19.97844847
United Arab Emirates,ARE,2005,20.16685863
United Arab Emirates,ARE,2006,19.27051217
United Arab Emirates,ARE,2007,25.09361833
United Arab Emirates,ARE,2008,25.09812597
United Arab Emirates,ARE,2009,31.63348051
United Arab Emirates,ARE,2010,27.08185341
United Arab Emirates,ARE,2011,23.19025703
United Arab Emirates,ARE,2012,21.91215424
United Arab Emirates,ARE,2013,19.28566941
United Arab Emirates,ARE,2014,22.19792897
United Arab Emirates,ARE,2015,25.67137375
United Arab Emirates,ARE,2016,26.02947726
United Arab Emirates,ARE,2017,24.81162016
United Arab Emirates,ARE,2018,22.44114677
United Arab Emirates,ARE,2019,
United Kingdom,GBR,1960,
United Kingdom,GBR,1961,
United Kingdom,GBR,1962,
United Kingdom,GBR,1963,
United Kingdom,GBR,1964,
United Kingdom,GBR,1965,20.33004897
United Kingdom,GBR,1966,19.81536237
United Kingdom,GBR,1967,20.48856432
United Kingdom,GBR,1968,21.21063615
United Kingdom,GBR,1969,20.59537302
United Kingdom,GBR,1970,24.18047051
United Kingdom,GBR,1971,23.60308561
United Kingdom,GBR,1972,22.98550048
United Kingdom,GBR,1973,26.95737066
United Kingdom,GBR,1974,27.50119025
United Kingdom,GBR,1975,23.7326105
United Kingdom,GBR,1976,25.83515713
United Kingdom,GBR,1977,25.21132904
United Kingdom,GBR,1978,24.59604665
United Kingdom,GBR,1979,24.74641802
United Kingdom,GBR,1980,21.27274981
United Kingdom,GBR,1981,19.18921233
United Kingdom,GBR,1982,19.98027777
United Kingdom,GBR,1983,20.89608921
United Kingdom,GBR,1984,21.99987675
United Kingdom,GBR,1985,21.81433528
United Kingdom,GBR,1986,21.57084819
United Kingdom,GBR,1987,22.5067508
United Kingdom,GBR,1988,25.20068202
United Kingdom,GBR,1989,25.83574182
United Kingdom,GBR,1990,22.96464253
United Kingdom,GBR,1991,19.59018489
United Kingdom,GBR,1992,18.83030808
United Kingdom,GBR,1993,18.37508903
United Kingdom,GBR,1994,19.37551531
United Kingdom,GBR,1995,18.62826861
United Kingdom,GBR,1996,18.83285073
United Kingdom,GBR,1997,18.00363137
United Kingdom,GBR,1998,18.67291206
United Kingdom,GBR,1999,18.12845364
United Kingdom,GBR,2000,18.60409183
United Kingdom,GBR,2001,18.18905425
United Kingdom,GBR,2002,18.0546022
United Kingdom,GBR,2003,17.65758915
United Kingdom,GBR,2004,17.26406744
United Kingdom,GBR,2005,17.43304965
United Kingdom,GBR,2006,17.81094507
United Kingdom,GBR,2007,18.32783848
United Kingdom,GBR,2008,17.15936741
United Kingdom,GBR,2009,14.59940815
United Kingdom,GBR,2010,15.79485797
United Kingdom,GBR,2011,15.705976000000001
United Kingdom,GBR,2012,15.87903096
United Kingdom,GBR,2013,16.54637048
United Kingdom,GBR,2014,17.25645843
United Kingdom,GBR,2015,17.21211559
United Kingdom,GBR,2016,17.25528605
United Kingdom,GBR,2017,17.23511914
United Kingdom,GBR,2018,17.2479511
United Kingdom,GBR,2019,
United States,USA,1960,22.52898951
United States,USA,1961,22.47470265
United States,USA,1962,23.07056685
United States,USA,1963,23.14437833
United States,USA,1964,23.11169437
United States,USA,1965,23.86715073
United States,USA,1966,24.26993865
United States,USA,1967,23.24474875
United States,USA,1968,22.93899204
United States,USA,1969,23.76703598
United States,USA,1970,21.41473563
United States,USA,1971,21.919818
United States,USA,1972,22.58062246
United States,USA,1973,23.33180859
United States,USA,1974,22.69494183
United States,USA,1975,20.27747575
United States,USA,1976,22.03839839
United States,USA,1977,23.52626973
United States,USA,1978,24.83178467
United States,USA,1979,25.11112025
United States,USA,1980,23.31027082
United States,USA,1981,24.27685699
United States,USA,1982,22.07008277
United States,USA,1983,22.252986899999996
United States,USA,1984,25.09581775
United States,USA,1985,24.18834016
United States,USA,1986,23.74062452
United States,USA,1987,23.62023103
United States,USA,1988,22.82780776
United States,USA,1989,22.51379933
United States,USA,1990,21.52921345
United States,USA,1991,20.11060502
United States,USA,1992,20.077582
United States,USA,1993,20.39362787
United States,USA,1994,21.27909677
United States,USA,1995,21.27264914
United States,USA,1996,21.70181499
United States,USA,1997,22.40970906
United States,USA,1998,22.95833318
United States,USA,1999,23.42036803
United States,USA,2000,23.67514837
United States,USA,2001,22.17694772
United States,USA,2002,21.70813854
United States,USA,2003,21.74222356
United States,USA,2004,22.65857517
United States,USA,2005,23.380303100000003
United States,USA,2006,23.53918545
United States,USA,2007,22.59249194
United States,USA,2008,21.11901671
United States,USA,2009,17.80458111
United States,USA,2010,18.74310377
United States,USA,2011,19.10352586
United States,USA,2012,20.02088985
United States,USA,2013,20.41374314
United States,USA,2014,20.77859643
United States,USA,2015,21.04073981
United States,USA,2016,20.32041348
United States,USA,2017,20.58543969
United States,USA,2018,
United States,USA,2019,
Uzbekistan,UZB,1960,
Uzbekistan,UZB,1961,
Uzbekistan,UZB,1962,
Uzbekistan,UZB,1963,
Uzbekistan,UZB,1964,
Uzbekistan,UZB,1965,
Uzbekistan,UZB,1966,
Uzbekistan,UZB,1967,
Uzbekistan,UZB,1968,
Uzbekistan,UZB,1969,
Uzbekistan,UZB,1970,
Uzbekistan,UZB,1971,
Uzbekistan,UZB,1972,
Uzbekistan,UZB,1973,
Uzbekistan,UZB,1974,
Uzbekistan,UZB,1975,
Uzbekistan,UZB,1976,
Uzbekistan,UZB,1977,
Uzbekistan,UZB,1978,
Uzbekistan,UZB,1979,
Uzbekistan,UZB,1980,
Uzbekistan,UZB,1981,
Uzbekistan,UZB,1982,
Uzbekistan,UZB,1983,
Uzbekistan,UZB,1984,
Uzbekistan,UZB,1985,
Uzbekistan,UZB,1986,
Uzbekistan,UZB,1987,
Uzbekistan,UZB,1988,
Uzbekistan,UZB,1989,
Uzbekistan,UZB,1990,
Uzbekistan,UZB,1991,
Uzbekistan,UZB,1992,43.93014881
Uzbekistan,UZB,1993,14.65023751
Uzbekistan,UZB,1994,18.20042665
Uzbekistan,UZB,1995,24.19982608
Uzbekistan,UZB,1996,23.00009516
Uzbekistan,UZB,1997,18.89939908
Uzbekistan,UZB,1998,20.90063397
Uzbekistan,UZB,1999,17.10033542
Uzbekistan,UZB,2000,19.60001229
Uzbekistan,UZB,2001,21.09999391
Uzbekistan,UZB,2002,21.19999463
Uzbekistan,UZB,2003,20.8
Uzbekistan,UZB,2004,24.5
Uzbekistan,UZB,2005,28.0
Uzbekistan,UZB,2006,29.61008099
Uzbekistan,UZB,2007,28.20574672
Uzbekistan,UZB,2008,32.03634609
Uzbekistan,UZB,2009,29.94778798
Uzbekistan,UZB,2010,20.18006581
Uzbekistan,UZB,2011,26.65144825
Uzbekistan,UZB,2012,31.08446604
Uzbekistan,UZB,2013,30.29517257
Uzbekistan,UZB,2014,26.46528392
Uzbekistan,UZB,2015,26.06498002
Uzbekistan,UZB,2016,26.370117600000004
Uzbekistan,UZB,2017,29.4731145
Uzbekistan,UZB,2018,40.1755564
Uzbekistan,UZB,2019,
"Venezuela, Bolivarian Republic of",,1960,
"Venezuela, Bolivarian Republic of",,1961,
"Venezuela, Bolivarian Republic of",,1962,
"Venezuela, Bolivarian Republic of",,1963,
"Venezuela, Bolivarian Republic of",,1964,
"Venezuela, Bolivarian Republic of",,1965,
"Venezuela, Bolivarian Republic of",,1966,
"Venezuela, Bolivarian Republic of",,1967,
"Venezuela, Bolivarian Republic of",,1968,
"Venezuela, Bolivarian Republic of",,1969,
"Venezuela, Bolivarian Republic of",,1970,
"Venezuela, Bolivarian Republic of",,1971,
"Venezuela, Bolivarian Republic of",,1972,
"Venezuela, Bolivarian Republic of",,1973,
"Venezuela, Bolivarian Republic of",,1974,
"Venezuela, Bolivarian Republic of",,1975,
"Venezuela, Bolivarian Republic of",,1976,
"Venezuela, Bolivarian Republic of",,1977,
"Venezuela, Bolivarian Republic of",,1978,
"Venezuela, Bolivarian Republic of",,1979,
"Venezuela, Bolivarian Republic of",,1980,
"Venezuela, Bolivarian Republic of",,1981,
"Venezuela, Bolivarian Republic of",,1982,
"Venezuela, Bolivarian Republic of",,1983,
"Venezuela, Bolivarian Republic of",,1984,
"Venezuela, Bolivarian Republic of",,1985,
"Venezuela, Bolivarian Republic of",,1986,
"Venezuela, Bolivarian Republic of",,1987,
"Venezuela, Bolivarian Republic of",,1988,
"Venezuela, Bolivarian Republic of",,1989,
"Venezuela, Bolivarian Republic of",,1990,
"Venezuela, Bolivarian Republic of",,1991,
"Venezuela, Bolivarian Republic of",,1992,
"Venezuela, Bolivarian Republic of",,1993,
"Venezuela, Bolivarian Republic of",,1994,
"Venezuela, Bolivarian Republic of",,1995,
"Venezuela, Bolivarian Republic of",,1996,
"Venezuela, Bolivarian Republic of",,1997,
"Venezuela, Bolivarian Republic of",,1998,
"Venezuela, Bolivarian Republic of",,1999,
"Venezuela, Bolivarian Republic of",,2000,
"Venezuela, Bolivarian Republic of",,2001,
"Venezuela, Bolivarian Republic of",,2002,
"Venezuela, Bolivarian Republic of",,2003,
"Venezuela, Bolivarian Republic of",,2004,
"Venezuela, Bolivarian Republic of",,2005,
"Venezuela, Bolivarian Republic of",,2006,
"Venezuela, Bolivarian Republic of",,2007,
"Venezuela, Bolivarian Republic of",,2008,
"Venezuela, Bolivarian Republic of",,2009,
"Venezuela, Bolivarian Republic of",,2010,
"Venezuela, Bolivarian Republic of",,2011,
"Venezuela, Bolivarian Republic of",,2012,
"Venezuela, Bolivarian Republic of",,2013,
"Venezuela, Bolivarian Republic of",,2014,
"Venezuela, Bolivarian Republic of",,2015,
"Venezuela, Bolivarian Republic of",,2016,
"Venezuela, Bolivarian Republic of",,2017,
"Venezuela, Bolivarian Republic of",,2018,
"Venezuela, Bolivarian Republic of",,2019,
